timestamp,source,title,link,published,content
2025-07-30T01:44:06,Reuters Business,"Thomson Reuters Second Quarter 2025 Earnings Announcement and Webcast Scheduled for August 6, 2025",https://ir.thomsonreuters.com/news-releases/news-release-details/thomson-reuters-second-quarter-2025-earnings-announcement-and,"Thu, 10 Jul 2025 11:00:00 -0400",
2025-07-30T01:44:06,Reuters Business,Thomson Reuters Announces Voting Results for Election of Directors,https://ir.thomsonreuters.com/news-releases/news-release-details/thomson-reuters-announces-voting-results-election-directors-8,"Thu, 05 Jun 2025 07:30:00 -0400",
2025-07-30T01:44:06,Reuters Business,Thomson Reuters to Present at CIBC Technology & Innovation Conference,https://ir.thomsonreuters.com/news-releases/news-release-details/thomson-reuters-present-cibc-technology-innovation-conference-1,"Thu, 15 May 2025 11:00:00 -0400",
2025-07-30T01:44:06,Reuters Business,Thomson Reuters Reports First-Quarter 2025 Results,https://ir.thomsonreuters.com/news-releases/news-release-details/thomson-reuters-reports-first-quarter-2025-results,"Thu, 01 May 2025 06:30:00 -0400",
2025-07-30T01:44:06,Reuters Business,Thomson Reuters to Present at Barclays Americas Select Franchise Conference,https://ir.thomsonreuters.com/news-releases/news-release-details/thomson-reuters-present-barclays-americas-select-franchise-2,"Tue, 29 Apr 2025 11:00:00 -0400",
2025-07-30T01:44:06,Reuters Business,"Thomson Reuters First Quarter 2025 Earnings Announcement and Webcast Scheduled for May 1, 2025",https://ir.thomsonreuters.com/news-releases/news-release-details/thomson-reuters-first-quarter-2025-earnings-announcement-and,"Thu, 27 Mar 2025 11:00:00 -0400",
2025-07-30T01:44:06,Reuters Business,Thomson Reuters Announces Final Results of Exchange Offers and Consent Solicitations and Intention to File Replacement Base Shelf Prospectus,https://ir.thomsonreuters.com/news-releases/news-release-details/thomson-reuters-announces-final-results-exchange-offers-and,"Mon, 17 Mar 2025 19:45:00 -0400",
2025-07-30T01:44:06,Reuters Business,Thomson Reuters Files Final Prospectus for Debt Exchange Offers and Consent Solicitations,https://ir.thomsonreuters.com/news-releases/news-release-details/thomson-reuters-files-final-prospectus-debt-exchange-offers-and,"Mon, 10 Mar 2025 16:11:00 -0400",
2025-07-30T01:44:06,Reuters Business,Thomson Reuters Files 2024 Annual Report,https://ir.thomsonreuters.com/news-releases/news-release-details/thomson-reuters-files-2024-annual-report,"Thu, 06 Mar 2025 16:55:00 -0500",
2025-07-30T01:44:06,Reuters Business,Thomson Reuters Announces Results of Early Tenders and Extension of Early Tender Time for Debt Exchange Offers and Consent Solicitations,https://ir.thomsonreuters.com/news-releases/news-release-details/thomson-reuters-announces-results-early-tenders-and-extension,"Wed, 26 Feb 2025 08:30:00 -0500",
2025-07-30T01:44:06,MarketWatch Top,"Visa says spending is growing at a healthy rate, but its stock dips after earnings",https://www.marketwatch.com/story/visa-says-spending-is-growing-at-a-healthy-rate-but-its-stock-dips-after-earnings-2be9de59?mod=mw_rss_topstories,"Wed, 30 Jul 2025 00:21:00 GMT",
2025-07-30T01:44:06,MarketWatch Top,Starbucks vows a ‘wave of innovation’ next year. Will it get in the way of quicker service?,https://www.marketwatch.com/story/starbucks-investments-in-staff-hit-profits-but-ceo-says-turnaround-is-likely-ahead-of-schedule-2fe13e15?mod=mw_rss_topstories,"Wed, 30 Jul 2025 00:20:00 GMT",
2025-07-30T01:44:06,MarketWatch Top,Comcast could see its heaviest internet-subscriber losses ever. Then what?,https://www.marketwatch.com/story/comcast-could-see-its-heaviest-internet-subscriber-losses-ever-then-what-ba60387b?mod=mw_rss_topstories,"Tue, 29 Jul 2025 23:04:00 GMT",
2025-07-30T01:44:06,MarketWatch Top,This oil company is spending $14 billion to be part of the AI data-center business,https://www.marketwatch.com/story/this-oil-company-is-spending-14-billion-to-be-part-of-the-ai-data-center-business-b162139b?mod=mw_rss_topstories,"Tue, 29 Jul 2025 23:01:00 GMT",
2025-07-30T01:44:06,MarketWatch Top,My salary is not keeping up with inflation. How can I convince my manager to give me a raise?,https://www.marketwatch.com/story/i-keep-getting-the-same-song-and-dance-my-salary-has-not-kept-up-with-inflation-is-my-company-cheating-me-ebcbfc53?mod=mw_rss_topstories,"Tue, 29 Jul 2025 22:30:00 GMT",
2025-07-30T01:44:06,MarketWatch Top,Social Security wants to make a change that would cause 3.4 million more people to have to visit its field offices,https://www.marketwatch.com/story/social-security-wants-to-make-a-change-that-would-cause-3-4-million-more-people-to-have-to-visit-its-field-offices-fcc697a8?mod=mw_rss_topstories,"Tue, 29 Jul 2025 22:02:00 GMT",
2025-07-30T01:44:06,MarketWatch Top,Are Americans squandering their retirement savings on eating out?,https://www.marketwatch.com/story/are-americans-squandering-their-retirement-savings-on-eating-out-55de7d0e?mod=mw_rss_topstories,"Tue, 29 Jul 2025 22:00:00 GMT",
2025-07-30T01:44:06,MarketWatch Top,‘I have Type 1 diabetes’: I’m 64 with a $1.3 million 401(k). Is it too late for long-term-care insurance?,https://www.marketwatch.com/story/i-have-type-1-diabetes-im-64-with-a-1-3-million-401-k-is-it-too-late-for-long-term-care-insurance-15c4555a?mod=mw_rss_topstories,"Tue, 29 Jul 2025 21:27:00 GMT",
2025-07-30T01:44:06,MarketWatch Top,‘He spent every dime’: My daughter’s husband is in prison. Is she responsible for his debts?,https://www.marketwatch.com/story/he-is-currently-in-jail-my-daughters-husband-has-bipolar-i-disorder-can-he-sign-divorce-papers-ecd23e32?mod=mw_rss_topstories,"Tue, 29 Jul 2025 21:20:00 GMT",
2025-07-30T01:44:06,MarketWatch Top,UPS sees consumer sentiment ‘near historic lows’ hurting small-package deliveries,https://www.marketwatch.com/story/upss-stock-sinks-after-profit-misses-forecasts-and-earnings-guidance-still-not-provided-2e9b0ab2?mod=mw_rss_topstories,"Tue, 29 Jul 2025 21:09:00 GMT",
2025-07-30T01:44:06,CNBC Top News,"Starbucks same-store sales fall again, but CEO Niccol says turnaround is ahead of schedule",https://www.cnbc.com/2025/07/29/starbucks-sbux-q3-2025-earnings.html,"Tue, 29 Jul 2025 21:46:28 GMT",
2025-07-30T01:44:06,CNBC Top News,Google execs say employees have to 'be more AI-savvy' as competition ramps up,https://www.cnbc.com/2025/07/29/google-execs-say-employees-have-to-be-more-ai-savvy-.html,"Tue, 29 Jul 2025 22:23:51 GMT",
2025-07-30T01:44:06,CNBC Top News,"The Fed is unlikely to cut rates, but this week's meeting is packed with intrigue",https://www.cnbc.com/2025/07/29/the-fed-is-unlikely-to-cut-rates-but-this-weeks-meeting-is-packed-with-intrigue.html,"Tue, 29 Jul 2025 19:17:33 GMT",
2025-07-30T01:44:06,CNBC Top News,"Australia's second-quarter inflation drops to lowest since March 2021, supporting case for rate cut",https://www.cnbc.com/2025/07/30/australia-inflation-slips-in-second-quarter-to-lowest-since-march-2021-supporting-case-for-rate-cut.html,"Wed, 30 Jul 2025 01:37:04 GMT",
2025-07-30T01:44:06,CNBC Top News,Singapore warns of slowdown in second half of the year as it keeps monetary policy steady,https://www.cnbc.com/2025/07/30/singapore-holds-monetary-policy-flags-slowdown-in-second-half-of-the-year.html,"Wed, 30 Jul 2025 01:04:44 GMT",
2025-07-30T01:44:06,CNBC Top News,Real estate developers say affordable housing could soon become more profitable,https://www.cnbc.com/2025/07/29/real-estate-developers-affordable-housing-profitable.html,"Tue, 29 Jul 2025 16:33:29 GMT",
2025-07-30T01:44:06,CNBC Top News,The U.S. median home price hit a record high—here's what it would cost you per month,https://www.cnbc.com/2025/07/29/median-home-price-hits-record-high-monthly-mortgage-cost.html,"Tue, 29 Jul 2025 17:45:55 GMT",
2025-07-30T01:44:06,CNBC Top News,United Airlines flight attendants reject contract with immediate raises of at least 26%,https://www.cnbc.com/2025/07/29/united-airlines-flight-attendant-contract.html,"Tue, 29 Jul 2025 19:36:03 GMT",
2025-07-30T01:44:06,CNBC Top News,Spotify drops 11% for worst day in two years on weak guidance,https://www.cnbc.com/2025/07/29/spotify-spot-stock-q2-2025-earnings.html,"Tue, 29 Jul 2025 20:52:09 GMT",
2025-07-30T01:44:06,CNBC Top News,Trump EPA seeks to repeal finding that carbon dioxide emissions threaten public health,https://www.cnbc.com/2025/07/29/epa-seeks-to-repeal-finding-that-carbon-dioxide-emissions-threaten-public-health.html,"Tue, 29 Jul 2025 20:26:43 GMT",
2025-07-30T01:44:06,CNBC Top News,Bessent to American businesses: 'Not the end of the world' if April 2 tariffs kick in,https://www.cnbc.com/2025/07/29/trump-trade-tarriffs-bessent.html,"Tue, 29 Jul 2025 21:08:32 GMT",
2025-07-30T01:44:06,CNBC Top News,Jim Cramer explains why he's hesitant to recommend Figma when shares start trading,https://www.cnbc.com/2025/07/29/jim-cramer-explains-why-hes-hesitant-to-recommend-figma-after-its-ipo.html,"Tue, 29 Jul 2025 23:04:02 GMT",
2025-07-30T01:44:06,CNBC Top News,Trump's pharmaceutical tariffs could affect some drugmakers more than others,https://www.cnbc.com/2025/07/29/trumps-pharmaceutical-tariffs-novartis-roche-could-be-most-at-risk.html,"Tue, 29 Jul 2025 20:25:45 GMT",
2025-07-30T01:44:06,CNBC Top News,"Is Palo Alto joining the M&A party? Plus, the S&P 500 hits an earnings bump",https://www.cnbc.com/2025/07/29/is-palo-alto-joining-the-ma-party-plus-the-sp-500-hits-a-bump-.html,"Tue, 29 Jul 2025 20:08:11 GMT",
2025-07-30T01:44:06,CNBC Top News,Trump says Jeffrey Epstein 'stole' Virginia Giuffre from Mar-a-Lago spa,https://www.cnbc.com/2025/07/29/jeffrey-epstein-ghislaine-maxwel-trump-murdoch.html,"Tue, 29 Jul 2025 20:58:05 GMT",
2025-07-30T01:44:06,CNBC Top News,CyberArk pops on report of $20B+ acquisition talks with Palo Alto Networks,https://www.cnbc.com/2025/07/29/cyberark-shares-jump-on-report-of-palo-alto-networks-takeover-talks.html,"Tue, 29 Jul 2025 21:28:12 GMT",
2025-07-30T01:44:06,CNBC Top News,"U.S.-China trade talks end without extension of tariff truce, as Trump weighs options",https://www.cnbc.com/2025/07/29/trump-china-trade-tariffs-bessent.html,"Tue, 29 Jul 2025 20:33:16 GMT",
2025-07-30T01:44:06,CNBC Top News,Royal Caribbean lifts full-year guidance on strong cruise bookings,https://www.cnbc.com/2025/07/29/royal-caribbean-ceo-higher-guidance-travel-trends.html,"Tue, 29 Jul 2025 19:21:16 GMT",
2025-07-30T01:44:06,CNBC Top News,NFL employee seriously injured in shooting at NYC headquarters,https://www.cnbc.com/2025/07/29/nf-shooting-nyc.html,"Tue, 29 Jul 2025 17:32:06 GMT",
2025-07-30T01:44:06,CNBC Top News,"31-year-old raised $40,000 on GoFundMe to open one of few Black-owned camera stores in NYC—it brought in over $1 million last year",https://www.cnbc.com/2025/07/29/photodom-brooklyn-camera-store-how-i-made-it.html,"Tue, 29 Jul 2025 15:54:02 GMT",
2025-07-30T01:44:06,CNBC Top News,Anthropic in talks to raise fresh capital at $170 billion valuation,https://www.cnbc.com/2025/07/29/anthropic-in-talks-to-raise-fresh-capital-at-170-billion-valuation.html,"Tue, 29 Jul 2025 19:00:28 GMT",
2025-07-30T01:44:06,CNBC Top News,OpenAI announces new 'study mode' product for students,https://www.cnbc.com/2025/07/29/openai-announces-new-study-mode-product-for-students-.html,"Tue, 29 Jul 2025 17:00:01 GMT",
2025-07-30T01:44:06,CNBC Top News,"Trump's trade deals for 'the world' will be 'done by Friday,' but China will take longer: Lutnick",https://www.cnbc.com/2025/07/29/trump-trade-tariffs-china-lutnick.html,"Tue, 29 Jul 2025 14:41:50 GMT",
2025-07-30T01:44:06,CNBC Top News,"Trump's EU trade deal is based on massive energy purchases that are unlikely to materialize, analysts say",https://www.cnbc.com/2025/07/29/trump-eu-trade-deal-energy-gas-oil-lng-nuclear.html,"Tue, 29 Jul 2025 17:51:53 GMT",
2025-07-30T01:44:06,CNBC Top News,Rare earths are China’s bargaining chip in the trade war — the U.S. is trying to fix that,https://www.cnbc.com/2025/07/29/rare-earths-china-bargaining-chip-trade-war-us.html,"Tue, 29 Jul 2025 12:00:01 GMT",
2025-07-30T01:44:06,CNBC Top News,Nike loses head of North America women's business to Athleta,https://www.cnbc.com/2025/07/29/nike-loses-head-of-north-america-womens-business-to-athleta.html,"Tue, 29 Jul 2025 20:44:53 GMT",
2025-07-30T01:44:06,CNBC Top News,"JPMorgan Chase is nearing a deal to replace Goldman Sachs as Apple Card issuer, sources say",https://www.cnbc.com/2025/07/29/jpmorgan-chase-apple-card-goldman-sachs-issuer.html,"Tue, 29 Jul 2025 16:50:03 GMT",
2025-07-30T01:44:06,CNBC Top News,"Largest rail union to challenge Union Pacific, Norfolk Southern mega-merger",https://www.cnbc.com/2025/07/29/union-pacific-norfolk-southern-mega-merger-rail-labor-union-opposition.html,"Tue, 29 Jul 2025 18:17:58 GMT",
2025-07-30T01:44:06,CNBC Top News,Gucci sales plunge 25% in the second quarter as woes persist at luxury giant Kering,https://www.cnbc.com/2025/07/29/kering-ker-fr-earnings-q2-2025.html,"Tue, 29 Jul 2025 17:08:18 GMT",
2025-07-30T01:44:06,CNBC Top News,"Bessent, Warsh, Hassett are the leading contenders to get Fed chair job, CNBC survey finds",https://www.cnbc.com/2025/07/29/bessent-warsh-hassett-are-the-leading-contenders-to-get-fed-chair-job-cnbc-survey-finds.html,"Tue, 29 Jul 2025 23:45:45 GMT",
2025-07-30T01:44:07,Investing.com All News,Australia's IGO shares slump on Kwinana refinery impairment warning,https://uk.investing.com/news/stock-market-news/australias-igo-shares-slump-onkwinana-refinery-impairment-warning-4190366,2025-07-30 01:34:06,
2025-07-30T01:44:07,Investing.com All News,Nickel Mines Q2 2025 slides: Mining strength offsets RKEF weakness,https://uk.investing.com/news/company-news/nickel-mines-q2-2025-slides-mining-strength-offsets-rkef-weakness-93CH-4190365,2025-07-30 01:30:06,
2025-07-30T01:44:07,Investing.com All News,Earnings call transcript: Mineral Resources ends FY2025 strong with liquidity boost,https://uk.investing.com/news/transcripts/earnings-call-transcript-mineral-resources-ends-fy2025-strong-with-liquidity-boost-93CH-4190364,2025-07-30 01:26:06,
2025-07-30T01:44:07,Investing.com All News,"Oil prices steady with US inventory build, Fed decision in focus",https://uk.investing.com/news/commodities-news/oil-prices-steady-with-us-inventory-build-fed-decision-in-focus-4190363,2025-07-30 01:24:08,
2025-07-30T01:44:07,Investing.com All News,"Dorman products SVP, CIO Long sells $100k in shares",https://uk.investing.com/news/insider-trading-news/dorman-products-svp-cio-long-sells-100k-in-shares-93CH-4190362,2025-07-30 01:20:06,
2025-07-30T01:44:07,Investing.com All News,"Dorman Products SVP, CIO Long sells $100k in shares",https://uk.investing.com/news/insider-trading-news/dorman-products-svp-cio-long-sells-100k-in-shares-93CH-4190361,2025-07-30 01:14:08,
2025-07-30T01:44:07,Investing.com All News,US bill to ban stock trading by politicians faces White House resistance – Axios,https://uk.investing.com/news/economy-news/us-bill-to-ban-stock-trading-by-politicians-faces-white-house-resistance--axios-4190360,2025-07-30 01:08:09,
2025-07-30T01:44:07,Investing.com All News,"Darden restaurants DRI: Williamson sells shares worth $68,839",https://uk.investing.com/news/insider-trading-news/darden-restaurants-dri-williamson-sells-shares-worth-68839-93CH-4190358,2025-07-30 01:04:10,
2025-07-30T01:44:07,Investing.com All News,J-Star prices $5 million IPO at $4 per share on NASDAQ,https://uk.investing.com/news/stock-market-news/jstar-prices-5-million-ipo-at-4-per-share-on-nasdaq-432SI-4190359,2025-07-30 01:04:09,
2025-07-30T01:44:07,Investing.com All News,"Laura Williamson sells Darden Restaurants (DRI) stock for $68,839",https://uk.investing.com/news/insider-trading-news/laura-williamson-sells-darden-restaurants-dri-stock-for-68839-93CH-4190357,2025-07-30 01:02:08,
2025-07-30T01:44:07,Investing.com Bond News,Medium-Term Corporates Lead US Bond Market in 2025,https://uk.investing.com/analysis/mediumterm-corporates-lead-us-bond-market-in-2025-200617754,"Jul 23, 2025 11:53 GMT",
2025-07-30T01:44:07,Investing.com Bond News,Japan’s Election Results Could Send Shockwaves Through US Bond Market,https://uk.investing.com/analysis/japans-election-results-could-send-shockwaves-through-us-bond-market-this-week-200617701,"Jul 21, 2025 06:55 GMT",
2025-07-30T01:44:07,Investing.com Bond News,How Fed Could Inject Liquidity if Bond Yields Surge: What Investors Need to Know,https://uk.investing.com/analysis/how-fed-could-inject-liquidity-if-bond-yields-surge-what-investors-need-to-know-200617670,"Jul 17, 2025 13:37 GMT",
2025-07-30T01:44:07,Investing.com Bond News,US 10-Year Yield Holds Above Fair Value as Deficit and CPI Heat Up,https://uk.investing.com/analysis/us-10year-yield-holds-above-fair-value-as-deficit-and-cpi-heat-up-200617650,"Jul 16, 2025 11:56 GMT",
2025-07-30T01:44:07,Investing.com Bond News,Treasury Auction Shows Strength: Bid-to-Cover and Foreign Demand Surge,https://uk.investing.com/analysis/treasury-auction-shows-strength-bidtocover-and-foreign-demand-surge-200617554,"Jul 10, 2025 10:41 GMT",
2025-07-30T01:44:07,Investing.com Bond News,US 30-Year Yield Mispriced? Inflation and Deficits Point to Higher Rates,https://uk.investing.com/analysis/us-30year-yield-mispriced-inflation-and-deficits-point-to-higher-rates-200617522,"Jul 08, 2025 13:52 GMT",
2025-07-30T01:44:07,Investing.com Bond News,Bond Market May Struggle to Price in Conflicting Risk Factors,https://uk.investing.com/analysis/bond-market-may-struggle-to-price-in-conflicting-risk-factors-200617504,"Jul 07, 2025 12:20 GMT",
2025-07-30T01:44:07,Investing.com Bond News,How the Fed’s SLR Tweak Could End the Bond Bear Market,https://uk.investing.com/analysis/how-the-feds-slr-tweak-could-end-the-bond-bear-market-200617413,"Jun 30, 2025 10:24 GMT",
2025-07-30T01:44:07,Investing.com Bond News,US 10-Year Treasury Yield Stays Above Fair Value as Tariff Impact Looms,https://uk.investing.com/analysis/us-10year-treasury-yield-stays-above-fair-value-as-tariff-impact-looms-200617167,"Jun 12, 2025 11:18 GMT",
2025-07-30T01:44:07,Investing.com Bond News,The Case for Bond Yield Chasing,https://uk.investing.com/analysis/the-case-for-bond-yield-chasing-200617101,"Jun 09, 2025 14:00 GMT",
2025-07-30T01:44:07,Google News Reuters,"Powerful quake in Russia's Far East causes tsunami, Japan and Hawaii order evacuations - Reuters",https://news.google.com/rss/articles/CBMizwFBVV95cUxPakVsUkMzcTZQanc1a2hyOTlZZnZhWDR5UWN3UEc4bmpKNUpJbU03eWRPYkh6ZlVJcTliTk5Tcm5xdmx3N0pVaThRcDN5aHdwNUhMT3lwbnVEenBCQXJqaEItdHZnd2tfWEZPOFZsOU5uSDB2dXhiWE1XcUJuZl9DZkhuTUFSZ3FzNkFweFltX2pScnBnSnJSS2J1RlFfNUpCTFZWZjVFd21YMFdxNHpjX1F3dHJNYTlvSXlGRmhUSTc1TUpXUDlMQUstMnNUazg?oc=5,"Wed, 30 Jul 2025 01:33:00 GMT",
2025-07-30T01:44:07,Google News Reuters,Tsunami hits Russia's Far East after powerful earthquake - Reuters,https://news.google.com/rss/articles/CBMisgFBVV95cUxPU19WSngtaHhnZXh0LVpKY0FfRWJpNld3RWZ1MnRrZXo3ZkZ1MFViakUzR2pLNU1QQ2NlYU0tTmFwY1RXUmt5dWlSdzZoOE9aUUdxWS1xaXZQalIxeFo4WjFRZXVqUWdHZjVPYlctX0RKblc2UkFuS3FYMVZiS1JFU2dtVG9WVGpfUDBGUVpTaER0SWd2amNXRzMxTnRlYnQyQjAzaHh4ZkVtc3JIUjV6R2VR?oc=5,"Wed, 30 Jul 2025 00:56:00 GMT",
2025-07-30T01:44:07,Google News Reuters,NYC skyscraper shooter's 'suicide note' blamed NFL for brain disease - Reuters,https://news.google.com/rss/articles/CBMiqgFBVV95cUxNUUt2MnRwTkRRd01jX3l5TEFoM0w2UXJIWVBRTVNqeGJHNE9LZXFvVHJvTWxjbUltMy1CbzhsTjUtTHFPeXpXUVo5VlRnRWl6a1pGT3JpTHFxYUtQVEFMMWhwQnQzeHZkS1VpakZGN1A1M1JWZFJ3aTE1VURZS3RFU1RXOFE5NEVXcUk3YzcwOWVBdHY3TGxBN0pzdEpTY2dMZ3NKNUswaVRHQQ?oc=5,"Wed, 30 Jul 2025 00:14:56 GMT",
2025-07-30T01:44:07,Google News Reuters,Microsoft hit with Opera complaint to Brazilian antitrust regulator - Reuters,https://news.google.com/rss/articles/CBMiuAFBVV95cUxNdGk4aHhYc0JsdUgyNnFiNlI3Sk1VdGQ4S2RBMF9tU2p1bml1ZFFBclNMX2xqUU9oNXl0YmtlLUVoeGdRcUxidHNIdzQ4d1diVFRhVE5VUXpSU01DNUF0QjVaZ01lWjEtaUdpOWJKU3RjWXlfLTNIZ1hCVG44OXpUQW55d0ZZRFR2V2hHWk1FaGRNUm5BSWdMTmpWZ3h4SzJWVGJGclUzR181bWJOV1hZYUJ3bDdWU0ZC?oc=5,"Tue, 29 Jul 2025 22:34:47 GMT",
2025-07-30T01:44:07,Google News Reuters,"Trump approval rating sinks to 40%, the lowest of his term, Reuters/Ipsos poll finds - Reuters",https://news.google.com/rss/articles/CBMitgFBVV95cUxNU0hZczR3N0g0LW51MW1xay1RUWF4XzZfRmt1blRTczhtZ0FQeGNaaFBka04wOWkxN09GeVQzcWNHXzE5SFBCMURRdVpaZ3E1NFBMSDdUaXV2azYtVDNYLVFLTTJRTWdXMUNGcnVTb2dRaEZrV25mLWRHQUxaNTBKWWVqT0c0RzRDX2Z5ajJHX3ZONS1ZZlM2U0FXNTBBWkNfTHV6UmVWblN4ckVQQ3Q5WUFYQWwzdw?oc=5,"Tue, 29 Jul 2025 20:33:15 GMT",
2025-07-30T01:44:07,Google News Reuters,"New York officer, security guard killed in Manhattan shooting remembered as heroes - Reuters",https://news.google.com/rss/articles/CBMivAFBVV95cUxNWlJrVG9mX1lCQlVpMFJNb2J6VHowMU0wSjhjY3RoTzNVaFlwakpDUmxYWU1GOFRWdkJ1d00wTWxJTHZPRHhGam9SSUp4YXVUX0pmZXlEQU5BbDdJSl9LeXhKa1hVYTFLbFVMZ2RkUFhaeEt0YW9HbmFtcTVyTVpXc3lhdmFnbDIyd00zYi1NZUR3NmpaQlpFdEIzdHZrbGYzT2d2VHFwLWJzeXpNTzlJS09LSmtQUnlDSTMyNQ?oc=5,"Tue, 29 Jul 2025 21:33:55 GMT",
2025-07-30T01:44:07,Google News Reuters,Britain warns Israel it could recognise Palestinian state as Gaza starvation spreads - Reuters,https://news.google.com/rss/articles/CBMivwFBVV95cUxOTVJNS05GTjAycExxSWJTX1Fnby14UGxSY3AzMDhJMnEzODM2QWpzaW5QTFF1OWEwU1FLVGlsRVZLdzg3UjhoT1NGeHZ6dTdjYVpETmk5ME9fOEZ1Yk54aVhsR2U4RkRzR3h5Sy1VWXNxelpOUElpVlVlUDN1YTJpaG5fZWJUZThMTnIyQW40MnBpYlNZSTE5RHFid2N1OVJ1TEhDUlBlck15OElTLWF2UGNnYkJ2MElXQlA3R2ZXUQ?oc=5,"Tue, 29 Jul 2025 21:08:30 GMT",
2025-07-30T01:44:07,Google News Reuters,"Russian airstrikes on prison, hospital kill 19 in southeastern Ukraine - Reuters",https://news.google.com/rss/articles/CBMisgFBVV95cUxQU1Y3ZVFZRzVXLWd3Z2JVLUhhYVg5TzVWRUpyQXhPd3NjMDZMOGoyc2RVM25EQWJQY1VIZHdRcXFkYzVwaGRnbDNJTFZ6OWd6RHlOMlMwOVJ2anlLbk94YWtXUmRsRmpodzFHMkRwYVh3RUVGLWdjeHAwQnF5UXZTRUliS2Z2N29QdDVQZzVNX18wTmpUSEgzNm5BbUpVMnR5clNVTWY3NEUxT3NEYWJvRDln?oc=5,"Tue, 29 Jul 2025 20:02:45 GMT",
2025-07-30T01:44:07,Google News Reuters,Equities close lower as earnings weigh; Fed statement on tap - Reuters,https://news.google.com/rss/articles/CBMinwFBVV95cUxNNTNIaEV3OWIyZUlob041UGRXaEE1Mm1Jc3F0UVJISHJVSm5FVnY2b0pLQjU1SUVmYlR2MzJ0OTRYLThFa1FHenNpX2c0UC0zVlJYdHU0MHA2YXk3UEJRZTBEWmZOUS1ieTVUVHpvdGYxNFFFMm5NZnZDS09Qejg5emZlMGtEYmtOWmV6YWFZT2RpcjlUbTBJR0s0dzZvZHM?oc=5,"Tue, 29 Jul 2025 23:21:44 GMT",
2025-07-30T01:44:07,Google News Reuters,"Oil prices rally on US pressure on Russia, trade deal optimism - Reuters",https://news.google.com/rss/articles/CBMiqwFBVV95cUxNTWh3eXp3WEVjRUk0QmxUemRNckdVdUFIS1FGbWFnaWVLLW5Cb040Ry1HaktTMnFyQmpWVjRUN2paOVBPbEplcG1Oak5Nd0N1UjE2d2tMUUhNTXVxRW1XcFp3N29zY1o3T0NGUnZGNmNOVTVKOHo0YkhqZ0cwRmxoZVlteE9IS0Z6QTJjQTlSUDFKTkNBWnJSSjF0M3lkMW1RN2VaanVCOWU3enM?oc=5,"Tue, 29 Jul 2025 21:25:06 GMT",
2025-07-30T01:44:07,Google News Reuters,"Shares retreat, euro dips, oil prices soar with tariffs in focus - Reuters",https://news.google.com/rss/articles/CBMihwFBVV95cUxQTjVpOC1kUW02OU5Tc29sLTFnYVp0dm5ldjNuV2lWWUY2UklaSjNpNWhKYkdtclhrLUJJc3lRb1d6Uk5FZnNvTmJhWTBNS2dkWDEycWtSMHM0YVZLaE1RZTF3bVIwdjhRWURMTWFSQVMyeXhLalRFMEYyeU84VkRDYWZwa25VSFU?oc=5,"Tue, 29 Jul 2025 20:44:10 GMT",
2025-07-30T01:44:07,Google News Reuters,Trump says Russia faces tariffs in 10 days if no progress on ending Ukraine war - Reuters,https://news.google.com/rss/articles/CBMivwFBVV95cUxOaW1WcENNQW9RZzNCSlg5RDZNcVR3dkJnT0pMUV9jdmFubzdRNmNFLWlvWTdMVUhUcEZhelYwWURqbWJVa29LQ1h6dE9hSnJKblhETmNuR3NfV3NVRS12d2hDRnc0S2ptUjlVWWE5ZEljMGZuR1JqRHBHanNfYlRnYmhucW1FbXlJb19RbUJVSG9UWUVFcWdyQk8yOVUtVGRqdjUtZWYtaWpTT1FnUDI4WlNjNExJOXZHWW5aR1MxRQ?oc=5,"Tue, 29 Jul 2025 19:17:54 GMT",
2025-07-30T01:44:07,Google News Reuters,"Foreign oil companies in Venezuela await US authorizations, sources say - Reuters",https://news.google.com/rss/articles/CBMiuwFBVV95cUxNcDlKRklDbXNiYndqNVZNb045d3JWemF3dkRxaUV6MGk5YXJFaHp1NUhaczlpNm9xaVRDSXNXNnVJQ3BxT19PVlZTaExRUFoxS2sxTk0xcUFFMWFsMUdMOW5lN3pudnZWN3hCQjlRM1loU1NEMmtvTW5OcFFKb3dRMTNvS3NlanZQa0tTRjdzekxmVHVQamtXTXcxRndhV1pWeC0yMC1KcDZFc0pIcHhMa0ZlZTVpcnEtYlNF?oc=5,"Tue, 29 Jul 2025 18:51:33 GMT",
2025-07-30T01:44:07,Google News Reuters,Trump gets tariffs; Americans get price hikes - Reuters,https://news.google.com/rss/articles/CBMikwFBVV95cUxObzlrLWdnMk9RYVBNUmRidkJzcmlBazZiaDBrRFVhSk93OGFMU2MxS05tajMzYXRBbS1VSXlDTUEyYlVyZ1hUd1pHa2VFd0d3OUF4VzZkYnlPUU5iV3ZrTW90MVNrZDNCdGVITnNNd19FaHVNbERtTWIxZFFIY2hBXzF6YlcwYzBmZTFRYno3SGNCYUk?oc=5,"Tue, 29 Jul 2025 19:44:23 GMT",
2025-07-30T01:44:07,Google News Reuters,"Gaza crisis could get famine label, global hunger monitor says - Reuters",https://news.google.com/rss/articles/CBMi5wFBVV95cUxQQXZqNTd1UG15NEtUcmhvRVNIY1poV04wenA2bkdyYjBsUUpzc25hRVhTMU1tYnhmdnhmS01SalBJRHFpaDRVOGtzc3A5MkVpVnhxdVNqNFdLaUpXUW11MmduYkRQdTZ1aGliQkRHZ2pkNEJnTE1ja0JXY2pVREJ3ZTRJbWhwY1A5Q0ZXQjVib0xvX0VnTEsxbGNGdlBtV2tkdHcyVExrSlZIdUw4dUpOV0RtX25PZFY3T1dxeUk0RHhqd25MM1MwdDR5eHNNQ3hpMDFybmFEWDl4ZHRyRjA3LUpfMTE4YW8?oc=5,"Tue, 29 Jul 2025 19:53:30 GMT",
2025-07-30T01:44:07,Google News Reuters,"Dollar reaches one-month high versus euro on trade deal optimism, Fed in view - Reuters",https://news.google.com/rss/articles/CBMiwgFBVV95cUxOSE1xSWxhWU5MV3dSOURqV2U0Y3A2cERjTVdPcFRlOENWZFBXbllYcWNDZzV3cjA0QXdUZHVkdk91aFFWQXpKSWtwT3V0Z2RpZGpKTVAtUFFMU0pnZjdiUWhBYXZMNC16UkpEU20wdGZHT2tHNTBWZlpVY2NwV3JEU0FTQ0h1d3ZBWDdKcldkeEJoOC1PRUV0TENaWGVSek5BaVFWaWRRZTRjMVNWRFNwc2pqT0VqZGZpTTM1QVI2R3JaZw?oc=5,"Tue, 29 Jul 2025 18:11:01 GMT",
2025-07-30T01:44:07,Google News Reuters,"Trump says Wall Street Journal, Murdoch want to settle defamation lawsuit - Reuters",https://news.google.com/rss/articles/CBMivwFBVV95cUxOcVlZWEwyZDJvOU9sSmE5R3lWWnJCR0pJUFMzcWlYZ2RlX2lnalVtU2RPUjlLaWZBVWNnNVBneW11cDlYakRWSC1Sc3BoUGstMXJHcmxQMDR4cDM1R00zeVJsTS1ub1RZaEY4NkhBaGN4WUFWSzlrT0NCRzVKR3F0VFdZU3VWRXFRejh4UW9pQTZUQXdWd1RSWXpIeEttcTlWcWoyQVktQktZVUtRT21SUmV2RTZEbkRud2xVNElVRQ?oc=5,"Tue, 29 Jul 2025 19:19:01 GMT",
2025-07-30T01:44:07,Google News Reuters,German Olympic champion Dahlmeier seriously injured in Pakistan mountaineering accident - Reuters,https://news.google.com/rss/articles/CBMiugFBVV95cUxPdU04T1hzbGtzWTBMLWpfLXdPUkRETzl0Zk1KdFZpM1hmUm5xUENOUDk4anc4eU8yR0tyNGt1T3daS2tYS3JxbS1vTVEyS29aamZaVlp4bEw2azJ3aTlsQUVlUTNjRnZKc0w4LXJxYjRKVWNnbDFrLWZRMGNXUzZLeTlYdm84TEVzMXhXUlhOZ1k4SjY5OHNzOWRoX1lXNXBSeFlkZGNzWFdLd0VWTi1Uc1FpRkpTRUJTYUE?oc=5,"Tue, 29 Jul 2025 17:56:39 GMT",
2025-07-30T01:44:07,Google News Reuters,"US, China tariff truce holds for now but US says Trump has final say - Reuters",https://news.google.com/rss/articles/CBMiqwFBVV95cUxNdnlDS1J6VXQzRUo5V0tDUlY5QzF5RUhoWUNkdjhqcnZjZXNIcEk3WF82djIyQU0wZk83UWRTOTd6a05xYUtPX2M3UlcteG9RRi10bXdTRS1WUDZCY0pheDdteVgza1p2N2ZZaUZxY0gyTWNfb2g2S3c0YnVCa3VYM29fZ01TTlV6SV9FQm1BTldwYU5vWUoyZ0NNbFFWUEFDUkVyeHRfcXF3dk0?oc=5,"Tue, 29 Jul 2025 21:17:48 GMT",
2025-07-30T01:44:07,Google News Reuters,Bessent warns China on Russian oil purchases that could bring 100% tariffs - Reuters,https://news.google.com/rss/articles/CBMivwFBVV95cUxORUZWRnk5SGdhU05TcHVZVzB3NGxyWGd1bkJ5Y29vSV93a0tyZVFZZnZJblZReE9WN2RVVzVMek1HUE9aelF1N1dObGJvblpuX2VtTFhvalExYXR3NHZ6eUNPZ3RpeGxzMVU0bE9ZRHlhR1JjY3lfWHhrOUZzc3F3SUFlVTFiTHVubGVFeVV5dGJLcHRIQllSSmdVLWFnS0V6MWhfNTFmSVZfNUZGQXRjTVRUYURVSjFCaWlBYTYxZw?oc=5,"Tue, 29 Jul 2025 21:17:15 GMT",
2025-07-30T01:44:07,Google News Reuters,US goods trade deficit shrinks in likely boost to second-quarter GDP - Reuters,https://news.google.com/rss/articles/CBMiqwFBVV95cUxPYXFEemE4Rm53ZHVuVDdIN1p1VUFaRDk4Y1NjY1NIckFMazlId0d3bzlMNzlJVTNjQjJ2Qk56UEN5dEZNUGJrcHN2a2doOEZPZlRKb0FZNW82NHViektOX3g0TmVEWVg3UXZtZ0R3YVZuemNackplLWc5T0lLVndpcDJWN2d0YVVhV1o1cWhIZV9Yd2FLdU1pcnVnTm5LXzNyZkpIUlg5cmpSWGc?oc=5,"Tue, 29 Jul 2025 17:12:29 GMT",
2025-07-30T01:44:07,Google News Reuters,"Palo Alto Networks in talks to buy CyberArk in deal worth over $20 billion, WSJ reports - Reuters",https://news.google.com/rss/articles/CBMivgFBVV95cUxPMS02NzdrN1lmRXJOR1dCaDBFY21LUjdKdEtfLXpYVE9aWERkMHdOZzJubWhVZ2hOTlhMcnlOOWEyLTR6a2I2ampDWVBxQkpTVm9HVktrX3htMUdBSjJfeFV2QjBQa3pybGNaV2IxUG9tVmFZTkdaSDlOSFhXVFZMZ3ctRWlVZlpSNFNlc09QV2RKOERfQWQ1WDVaVkJ6RXZRZm95NFFrOS1xRXV6bUROaV9ZQ0lSTWhBRDFmTXdR?oc=5,"Tue, 29 Jul 2025 17:08:19 GMT",
2025-07-30T01:44:07,Google News Reuters,Union Pacific to reshape US freight rail with $85 billion deal for Norfolk - Reuters,https://news.google.com/rss/articles/CBMiuwFBVV95cUxNRVFHcFdLa3lKdzZiMHZvV1l6TzZhLUl1eGRmYUotcTVfVG1DOFZjWTZsYkE1eGdPcmxqQ1JyZlBWMms5c2YxcW1RQUpLSWU2S3ZrcVpzYVBqVVVWbDN0cFhTWDViYmY4dmtNVnNNWnhKWURsQkplTGRVU0dBS0dkNWt6MmFuQVJMdFRVOWw1dzNELS00R09CYlVTVGlmeVZPVW9veDJIT1I1ZjRLcXZ1QUxVcmJZVWh3ekhN?oc=5,"Tue, 29 Jul 2025 22:15:52 GMT",
2025-07-30T01:44:07,Google News Reuters,"Russia says Aeroflot has recovered from cyberattack, but dozens more flights cancelled - Reuters",https://news.google.com/rss/articles/CBMiwwFBVV95cUxOZjBNa1hKWE5McUt5TE44Z0FSaHVXejZnRzNJdFBtdWV4SDZPaDlkc0NxRnNFTnh1d3hTOUFzLWloby1iWFRIUVN2eHpuS3ZDanhOdFJHSnRIVTZCWTNOX3VqWVQ1QmxHbU94Vml5T1BINjJMMGRLU28tOWtkQUxMenJjd0Z6Smd1a0Fhc00tUHJFNW9sTElyakFlbDNPcHVVeVdhaEROSFBKSWVscU1ibUpFTnJuNk1QXzlYaDBZdFJxTnc?oc=5,"Tue, 29 Jul 2025 16:35:38 GMT",
2025-07-30T01:44:07,Google News Reuters,UK plans to recognise Palestinian state in September unless Israel takes action - Reuters,https://news.google.com/rss/articles/CBMivwFBVV95cUxNNks3Y1ZmdUladC1ncVR4dXBlTE8xOEVGenRIdkh1cWRwM0xQX1VXVEhnMEFueVgxdjVweXJtNzN1d1VzWUR5VFJHQnR3OHB2ay1CZy1RT2JCWmpDZDdRMVNlbzRkVnIzRTk4WUp4ZEJPVTNEbkpMaEQ0STRlb3R0UE1CV3BIMlZjZ0NiMlBtRUdYZjVHSy1oZVQzQzlmQ3h0VnJ5SkdiclFLUmE0dFNySlpqRHlCZHlRN3g0U0NKVQ?oc=5,"Tue, 29 Jul 2025 18:52:13 GMT",
2025-07-30T01:44:07,Google News Reuters,"Less rain, more wheat: How Australian farmers defied climate doom - Reuters",https://news.google.com/rss/articles/CBMitAFBVV95cUxOYkpjQlRKWlR5OEhKMTJWWl9ZSWVweDhlX0g4dUgzVndlN055Qm9Xd3pRS3Nvb0FuTmNCYmpkTlJxMlhMcUFGb1VuUFFkZFUwekJoMHR2RURkeEJzc2VBOEFOTHkwSlB5R2RuOHVkcE8wazJGWExvUDUwbm4zQlVTWG9iZkVZOXNlZE54WFQyUWZEYlR1ejQtU3VlN0l6M0NHLUJnc18xUFNKTnBxbkNEbmJNNC0?oc=5,"Tue, 29 Jul 2025 20:00:01 GMT",
2025-07-30T01:44:07,Google News Reuters,Wegovy maker Novo's profit warning triggers $70 billion share rout - Reuters,https://news.google.com/rss/articles/CBMi0gFBVV95cUxNNmpyMHpNTGRfRldRWTMwdWNYR080OE1ZV0tYazByY0ItTWw2LTEtaTBvRFNwdHlDV09WN0tfOHhjV1Z3eUpFVEpXNXFBdlN5SjRaVURNYUFQYUtNZlBjZktMdkRBdHZnZ29KWjNWeHFWMlQzRXpYX21EajdiNEFnUjJtUGRuUm0tQnBsZk9LVEhUWFpRRHV2MzREQmp0R3NWa0ZaNlhJVld2cloydW5naDhhOWEwY2FLUWpmQjFYVXdBaWRfV1R0WXVhZjJ5djlncWc?oc=5,"Tue, 29 Jul 2025 18:18:27 GMT",
2025-07-30T01:44:07,Google News Reuters,Stellantis vows to reconnect with customers as it flags $1.7 billion US tariff hit for 2025 - Reuters,https://news.google.com/rss/articles/CBMi3gFBVV95cUxPQ3ZYOXNmT004VmdNMG9vRWZicXBVcHBpUHJXNXVWUDVXRXI5MXNYMUpkVHBQSUpOM2ptemtYQmtPRjFua0ZJQ0owTFB4NVBKUUJuMDNXVW8wTk5NSzlXNjg3VzFhdFZiMnBwZnhPUUFCVGRVLVM3NlplRDlQWTJTTkRvTThhVUdGVWdSQ0RCY0dzY2V5OGZrXzI1YVdGaURJQVNwVllkeEV0NmhCUHlDS0tPT1BmRjJoS3JyTmdab0dFN1pBTlNtVjdqMGhydGZiV3hrTnVjQzhSOU0teXc?oc=5,"Tue, 29 Jul 2025 15:48:04 GMT",
2025-07-30T01:44:07,Google News Reuters,Procter & Gamble hikes US prices to blunt tariff hit as CEO transition looms - Reuters,https://news.google.com/rss/articles/CBMiswFBVV95cUxPbzY1d21TeEJjT2JIOTIzSUZRYjZJcUhnRVFZcjBySE1BUk85b1Fua1Z0S09CaDY4ekVXZmhUODJ4STZfRkVrWktBLUdEX3daa3pESm1nRXZHUC1hY01LZFZaTktxSXl5eVpjUGdMZ2xncmdWVmV6N3J2WThsa3NtYUU0NExvOVlIOWdSV2hRTkZ0VWNYd1I5a2dpaktzQzFBWERzamRiSXljSkJIc3VmWEFRbw?oc=5,"Tue, 29 Jul 2025 15:30:50 GMT",
2025-07-30T01:44:07,Google News Reuters,"Microsoft in advanced talks for continued access to OpenAI tech, Bloomberg reports - Reuters",https://news.google.com/rss/articles/CBMitwFBVV95cUxQV0JsR3ZIYXUyOUZvRkRIZWFFcU1SX2FBekpuUUdtRVNWMFY3UTVSWndPMlZXcElLc2FZY2YwenEtRXg5dDJMUGN6WUlERXh6ZThnYWlyUFZuWHowal8xbDdERUYzUjB5a1FlRTNjQ3pUWGVmaG9WVnVWVDItVGt0a3BoY21VdVozMW03NXRBb2d6VnZ4SG9NcmdjODFuM2hzbG9YZldUTkRuMmhmZERlUERETTJjVnM?oc=5,"Tue, 29 Jul 2025 16:30:00 GMT",
2025-07-30T01:44:07,Google News Reuters,PayPal lifts 2025 profit target; branded volume softness weighs on shares - Reuters,https://news.google.com/rss/articles/CBMitAFBVV95cUxNeS00VUgyekpad25ZYVNTMmtOM1FsS1psekRQR2lIZ1ljRnVJTjh5RTNOT214RjdQMjQ5OEw3RTMxOHVFWVA0Vy04TDFNdE1EaHBmWmJlWmxPU0djcmVwT2xyMkxjV19fclphYWJsMGJURDdSel9ybXdtRkxCRVh6MnZCcVFKc1pBdUNVclpZZlhDNi15WGIxdXlRWTlkbG15T21wT0tOQTE2cmJ6WHV4TnhjcGQ?oc=5,"Tue, 29 Jul 2025 14:34:25 GMT",
2025-07-30T01:44:07,Google News Reuters,Wall Street returns to work after Manhattan shooting that killed Blackstone executive - Reuters,https://news.google.com/rss/articles/CBMiuAFBVV95cUxPYkJ3NzlKWXA1V25QTGtzRUxMQWtZNUdoNUtTVWRDSFFqSGtndGFwRV90VnBwSlRraXdWZE5oMENWRmtkNFZIeWZ4NWJsTXRKTDg4Mk1PRl9MbzlUVTlrazRNOGJ0NW1nQ3E0VjV4b19SRWhuOFRRNWQyMUtpVmlGcWtOQWxuMmJEVGd2NVAzMnJWODNHQkRZODJ4SG1zX2dVbHcza3ZHRnFoMTNOZGg3elVRb0lROG5t?oc=5,"Tue, 29 Jul 2025 17:56:06 GMT",
2025-07-30T01:44:07,Google News Reuters,"AstraZeneca seeks US drug price cuts amid expansion plans, strong demand - Reuters",https://news.google.com/rss/articles/CBMi2wFBVV95cUxQWkJZbU5EZjhNYThiQ1NBOFFZUmJWcDJyV0RYOWUwYWRYdzdzMDlWWEdIRUdpczFrUFZRQUJETmRZMG5FR2xVRTZuNTd0OE9MQzgzMXBjUmRWYkpjS2p1N0FaQXo1Q2JjNlhqbXhzZldWellKU2dGYWpOVHlxbEdBSGV4U0lDZmV4eTV3T05OZGxqMXdvMTNETXlMQ1VsN2FFSno4YXdoQU1yQW9mRXNjQmt5QmRxRG4zYkhMb1dsUzBaNXdqUW9xLWhDYTcxQUl4VmZHTWdwXzhIRzg?oc=5,"Tue, 29 Jul 2025 15:35:35 GMT",
2025-07-30T01:44:07,Google News Reuters,Sean 'Diddy' Combs seeks release on $50-million bond ahead of sentencing - Reuters,https://news.google.com/rss/articles/CBMiuwFBVV95cUxPVDE4dU11WENtR2thUkU2QllTM29CNEFHdGszN0ViWDZoZ2pmMFdhZW85U3BETTA4RllfdjJMbHI5bGN1a2t2clVjREpBTjRUaW8wTEg1dU9LTXVWbzk4Q0QtUEYzTlJQSTc1STNkRE0ya0VBY2pJSFRIcUJPQldzRTdmQm9ib3hUbm9Nd2hneHRmZjJ1cWVxajJuTGI4UmVOWGZWaVZEd3FMY24wWGRTZHUycmFEWWIzMGM0?oc=5,"Tue, 29 Jul 2025 19:25:50 GMT",
2025-07-30T01:44:07,Google News Reuters,IMF nudges up 2025 growth forecast but says tariff risks still dog outlook - Reuters,https://news.google.com/rss/articles/CBMitgFBVV95cUxNbXJiTmpRNF84YmhoblBZZXFsT0dGUTdTeV9sS3c3N2RlSTRQNjZrbVBaeVZjczRZOHVqOHF2bDR5RlppNFBrRjFjNDZnSHA3VnVEcElnZVVLaTdSUkc1VTg1UGlVREdxajhzYkM5QjZmVkl3TkNqa1p0OG5JeENpWC0tLXRJak4tTzNlaUN1ZFlnZ3Y4YU1DTDBmaHNBWUZPaFVnVmpQMzZxb2pvbWh3TVZEdXZudw?oc=5,"Tue, 29 Jul 2025 17:04:28 GMT",
2025-07-30T01:44:07,Google News Reuters,EU antitrust regulators pause investigation into Mars' $36 billion Kellanova deal - Reuters,https://news.google.com/rss/articles/CBMizAFBVV95cUxPVk9JcmRST2JDcFlRcE1pS2o2TE9RV1BPa19OcTNKcGpHVktrdEstZ3RzZnNmOHR5SHFGMlpmQWI5bHRJUmo3YlVBN05oX1pNS3gyY3R5M1pxbEJWUWNZYWFJUWhzbkt5bWZLQUJPY3ZEc1Jjc0ZBODZCbFRFcUpCeWRWN0FBNkZFb3lpMFRJaFcxVGtNSUt3bzNmQjlLaXM5cDZ3a3I2bXdZQ254eENlN2dtLUljaTljcXhPYi1GTVBQcHdiWTF5WHg4eTc?oc=5,"Tue, 29 Jul 2025 14:12:10 GMT",
2025-07-30T01:44:07,Google News Reuters,Trump's EPA targets key health ruling underpinning all US greenhouse gas rules - Reuters,https://news.google.com/rss/articles/CBMiygFBVV95cUxNMHhlQnZFc0k5eTd4WWQ2aEt4RWVwaWNmTlczcGFWTy1Xd0NiS21KcEhUMmxmS2I0SWdBLVJIcjIzUEhNUm8zS2tscHJmNzhzOGRpV3VxR29kb1ByT21xbzRVcXdqb3NVNTh4SldmTlFSMHhvazZZeDZ0UkdJVENZR1FIa2ZXdUJWWXgxeFZpdHV3Y1hrLVRMb3VkcTNyNkRlWjd1QVVqRzU4eGFyRExobHRXQ1BlcGt2VUk0QXRFblFabGdaWkNQbmxR?oc=5,"Tue, 29 Jul 2025 23:38:35 GMT",
2025-07-30T01:44:07,Google News Reuters,'Beloved' Blackstone executive LePatner killed in Manhattan remembered as industry leader - Reuters,https://news.google.com/rss/articles/CBMiuwFBVV95cUxNaVlIOHlERm5DeHYwM3dfcTM0VU4tUG9LNnZ2Qy1MTFZyVXVnUmdha0J3VUVBSDlrTjJYd0psZDRremhFMmtHMGhLSklrczZmMGFkblROQUY3Y29za2FTMjJsVTJ4Q3JTdmxjMVBpc3pKOEw4aUZvUEtRblRyeGUtSUJWZFZvbXU1cWRwaXJaSHMwZWFrZVdzOVN4V0owR3ZRczl4d1pUdTh6RFBGVU1TNU1hUW11RFNsd0hZ?oc=5,"Tue, 29 Jul 2025 23:23:46 GMT",
2025-07-30T01:44:07,Google News Reuters,Guns fall silent on Thai-Cambodia border as commanders seek to uphold truce - Reuters,https://news.google.com/rss/articles/CBMivgFBVV95cUxOQlBUMWtVeExZQmlmVnVaaFVWSDZyVWhISjRZOVVQRXJnUmlrRElZRHVLbmNHQ1VxVWxKNXR2OHh1QTY4bnpDZEJ4a0FPZ203SVNnMmwycy1EcTB4Qk5pUXl6Z05kSHEtUFUwWWNESGZsdFBtMVhfaS1lamY2WFo2ZU1UM3JSd2tkb3lVZWk0SEVFN09WcDFKdzRFTE1ONEFuYjNfOXp3bjc4QmgzUGFyamFWdkphNWZldThqSDR3?oc=5,"Tue, 29 Jul 2025 13:00:21 GMT",
2025-07-30T01:44:07,Google News Reuters,Amazon-backed Skild AI unveils general-purpose AI model for multi-purpose robots - Reuters,https://news.google.com/rss/articles/CBMi0AFBVV95cUxQYmNwR0J3N0djYWlUaVJZZVdHYjVna0FkWWtkS2lEUlZCbTV2M0hOdk03S1Z5WklFWEduYVlRNDFSTmN0dWN5TmtFaTZxbDB0SXlUWEhvLTJHR3RjTHlsbVhuWnliU1FrSEpmU0NvZHhIVHE0RlQ5RFh2di1qSm8yLV9MLTlBeXRoYkpsNjhmQmRKcmFVVVRDQVNlQUtjaXRxT0NvbWVEY01iVWNOMEVzYk9YM1FfOWRvQ1I2U3NhcFE3cGRYSl93R1czRTR0eDhP?oc=5,"Tue, 29 Jul 2025 15:43:13 GMT",
2025-07-30T01:44:07,Google News Reuters,Obesity drugmaker Novo Nordisk plunges as it cuts forecasts again - Reuters,https://news.google.com/rss/articles/CBMizwFBVV95cUxNTGUwWDVEdFZ5VUphbmotRVVNcEphRlRsWTlYVzE2UzBTdEwzLUpDMEdtenU1Qnc2dTBhMU1RdXhMbFZjdl8zcE9scTF0MU1oN1hrUEVUamdQOXVQUFJCNnU3bC1BUmpwVFl0M3NxLXVZT0NnLWF6cnZ4X0FxbmI5QlVRVEJnc2t3aS01eVU4NGljSXphWU90MWdzbmZVRUpNUHZVQkVvZUhlUzYxUVZ5R3NQSzBiem8xUHJHM2FMdWtoTHZOXzB1eFgzX2x6N28?oc=5,"Tue, 29 Jul 2025 14:22:27 GMT",
2025-07-30T01:44:07,Google News Reuters,US House panel rejects immunity request by Epstein associate Maxwell - Reuters,https://news.google.com/rss/articles/CBMivgFBVV95cUxObjAwOEJ2Y2RqNUcwR2ZfVzVreE9QZjdOZnJsZHVZa1NueVg4aWRkRVNFdTE4MjBhRG02dEYxNk4tR0QxTEt2Uml1UnN5b0JnZ29QU2VsbkdJR0tvN054RUczbmh6bVdNZWlmYzB5dXl2WU5HSFNSZXNjeF9QdmpiMDBlNFp5T1pLRzBvZWxROVhJV3Bfd193VzJPMHNhNjBLeWdERDBxNlVQWGpac0hDU1h2X3BwTW56WGJQMjNR?oc=5,"Tue, 29 Jul 2025 21:12:52 GMT",
2025-07-30T01:44:07,Google News Reuters,"Boeing's quarterly loss shrinks as jet deliveries rebound, but shares drop - Reuters",https://news.google.com/rss/articles/CBMixwFBVV95cUxQOUNrNDA5UWpvTmRRQzR6REpSc1RTQWhxd1NYQms3aVo4bVpSWVRhenRuU0M5aDZubXktWTU5azljUVVuZndRaWFGLTg0ZkZrMDhjLUJubXNxU2QzYndnQVpjalJidFFIU2FlRjdqUFVJakdBa3hwQ1RRVFY2YjZGMjVMeU5ZcHZZSm0zRXJxcHp3WGI2TDdpR25fNzJIX05qc044bHAyeG9seDNOTmoxY0VobVdRQ1ZoWkpKWW51TVBWX0plVFdN?oc=5,"Tue, 29 Jul 2025 22:42:02 GMT",
2025-07-30T01:44:07,Google News Reuters,"US oil refining trade group challenges Trump biofuel, tariff policies in letter - Reuters",https://news.google.com/rss/articles/CBMixgFBVV95cUxOVmNNYTRYTi0yZ3FlRUtYbmtvR29NLUh1dmc5UDh4bXNUbndnZG9waTFPeElEMGZ3N3E4OFd5THZrTnpQOGdYcTBHalFsdkxIUTFVT3BVdlJQZGpkWkNWU0c4N1dfenhmVDMtZWVPaEQzc05XUXBYNDBqR3NiNlJJYWc4cVhkbUJUdnNUT1JzTUZLcXRoLVdJS2hvd3R1eEtfbS13ME1qSTZYY2dlNDJfN2t3Y0hURFAzaGdKSFhmUmNrRnUyV2c?oc=5,"Tue, 29 Jul 2025 17:53:25 GMT",
2025-07-30T01:44:07,Google News Reuters,Morning Bid: Dollar rejuvenated - Reuters,https://news.google.com/rss/articles/CBMiggFBVV95cUxNaFI0cm9ENXlqTk9Mb0U1T0plU2Z0UXlUOGhHYUlWYnlkOG5hRVltYVlHS1NmRGJQUlRHTjREN3c0blJyMnhhTC1WM2F2XzROOXotZW55ME5sSGtLeE41VlFJeTV2c0MyaGg3X01CdHBTVzNjN2V5ZTNwV3l1bjRCY3F3?oc=5,"Tue, 29 Jul 2025 10:36:41 GMT",
2025-07-30T01:44:07,Google News Reuters,Nvidia-backed Enfabrica releases system aimed at easing memory costs - Reuters,https://news.google.com/rss/articles/CBMirwFBVV95cUxNazBhWk1ZbUxTWDA4ZTQ5Mm9aQ1pHM05MeGZra0NTdUpLaTNwdkFpel9qdGFZRWE0dGkxYnQ4NWRXSkY1R1ZOVlktZ3NnbXVqT0ljM1g1ZDJiTnYxaTNvbEtlc09FQUI1Qy16LTBpeEoyLU5yRGJGbG1ueDVxeU5USmx0b3VCTFRNcUhfT0tBOTdKekQydWNnXzFpeTNSTDE3dTFZVmVtaVRhY3JjZHdZ?oc=5,"Tue, 29 Jul 2025 12:06:06 GMT",
2025-07-30T01:44:07,Google News Reuters,"18 migrants die in shipwreck off eastern Libya, 50 missing - Reuters",https://news.google.com/rss/articles/CBMipgFBVV95cUxPa25PeW04Y1o4QlFtTWpNcF8zb0dGRXBHTTlfT1hKeVdXa0gwX2hreUZOeEZGVTg2WWdDSVZzNG9lSjZyd0IzUk1EVFZRbFlueHNmZXhVZElkUGVDazFMbWVva3FYU3pJN1g3UEJ6Y0E0M29Uei02aFNhRkZuV1h2TktOcXRNdUFfc1M1T2NwOWVwN0lIS1A3UGtCOXp3eWc2bnhoOUp3?oc=5,"Tue, 29 Jul 2025 15:56:56 GMT",
2025-07-30T01:44:07,Google News Reuters,"Air India audit finds 51 safety lapses, from unapproved simulators to training gaps - Reuters",https://news.google.com/rss/articles/CBMivwFBVV95cUxNbTUwV0VQbmUyR2ZYM2JRbHJLYlpsWmoyd3JZcl80d1pzczBGRXF6eGxTSU5falQ0emZmRmxtVmsxQklTRGMxc005RzJVLXFybFN2SlMzeEduVng3ZEZzUURoUUVzV2E1SXhaZWxSaEF0VjdhTHhscDI5cEdKX0FYcUE5MERhUWJCenZDMENPaGc1a0RQSlgtamcyWlhQNVZRZ2dwTjJrekRJWDk3UldzOFRhbnE3QVdqSzE4cE1SRQ?oc=5,"Tue, 29 Jul 2025 10:32:47 GMT",
2025-07-30T01:44:07,Google News Reuters,Foxconn to suspend share trading on July 30 pending major announcement - Reuters,https://news.google.com/rss/articles/CBMiuwFBVV95cUxQUDQxaWp5N0NOc19WV3kzc1pyT25xOVRPTS1Id2NLdmdxQUtwa3RXQjJtRTF3SUh5ZlYzSlljSVJNWi1acVFPQ2pDRm5VTURFRUx6aTBKV3VDQXJMc3BLRTljc3M4YkhfeWh3emdNdzlOT1pUTmF4cHptWldpdklZSHFLU25yNnc0V3RhMEk5dTFtS0QxRnB2Q2xVN3c5MmJjdlJqQU1nM1lzWnlRUzhLVm93bUgyU3NRQ1E0?oc=5,"Tue, 29 Jul 2025 10:39:52 GMT",
2025-07-30T01:44:07,Google News Reuters,"Palestinian death toll from Israeli military offensive in Gaza surpasses 60,000 - Reuters",https://news.google.com/rss/articles/CBMiwgFBVV95cUxQNFA2VFRqdGMwOG1FeEJfWWlYTnduMTZsdzByWFpwM2xhT1QtNlZabjFQeDVrSlhLSTVaM1AxU3luaDJKR0tmaHV6ZDJNRC1PSjk3MFRFdzVZZE1sNGJjVFhDV2lvVW5zd1VrTG5Tb0NzRWt6ZDNqUWw4eXFrSlo4ZmgyWFQ2UzIyNnJBQzRPQnB0UndGV1dIajFHMXpGNVJFYWRYb2RsbE1NVTNHYlp6WWdFaUdGbVBISDRzYXNmY1VNZw?oc=5,"Tue, 29 Jul 2025 10:06:54 GMT",
2025-07-30T01:44:07,Google News Reuters,"Gold ticks up with all eyes on US-China talks, Fed meeting - Reuters",https://news.google.com/rss/articles/CBMipAFBVV95cUxQLWJEcVFXZ2Njck9SVmFlRDZ6NzFDZVVlN05zbm02dGhydXd6WExYQVRGZW5VVXk5NW45YlFFR19fUzdDYUROQTRmcVVocEZ1YTR1VTMxc1p4cUc4bTVyV1RaMmlrUVVpZjNmQmhBQ1RNcTRfcVdWcGdUVmhKaW5sTGlQdnNjTHZLcHV0WW1tX0p5Unl0ZHgxUTVReW9TNGhjXzg2Ng?oc=5,"Tue, 29 Jul 2025 18:11:31 GMT",
2025-07-30T01:44:07,Google News Reuters,Exclusive: Trump administration slashed federal funding for gun violence prevention - Reuters,https://news.google.com/rss/articles/CBMivgFBVV95cUxPcnltVkFYR09jQmpuS0s5Y0M1U09TTkN3cEdiZ3hDYmNpM1lQQXVJNFRHVXpDNUtsMTdtTG1NV1VIajFXZTM4S3ZfSHVvTmJyejhQWTE2dXU2emY4UHp4X1N4NVZQOUZqVXpLWEQzRzdDNklyQmg1YzNISFdYc01EcmdDMk5MU1BwSXhyVTg1ZWI5N09XOTUyNGJpQ1o3QU5HRUNTWm9VNy10bjIzRkkwNV9aSFhKZWQ4OXU3R3Rn?oc=5,"Tue, 29 Jul 2025 11:47:10 GMT",
2025-07-30T01:44:07,Google News Reuters,"Merck extends pause on China Gardasil shipments to year end, shares slip - Reuters",https://news.google.com/rss/articles/CBMiwgFBVV95cUxQSktPbHBnYUJFSnFfdUZEM1RXV1VLb2Eyc210eWJFbTVtSXFCMWNTbTBlWk9BWG5BZGlHMFRYVV9lQVJHZlNvY0tRRm11YzFqUm8zbFpZZUcwNWRjS2R2OWoya19LeUVJOGZYZWZYMF8zQVZIRjlEVmpyN3J0N0FxemJDWDNGZUs0RmxTNzl2UUVxYUV2Wm1OTFdudFZMbXJKMFRXQWVGM1BTU29HbjZlejl3cFl0VWNoV2FTUnBlMjV6Zw?oc=5,"Tue, 29 Jul 2025 16:58:29 GMT",
2025-07-30T01:44:07,Google News Reuters,How SpaceX's rocket diplomacy backfired in the Bahamas - Reuters,https://news.google.com/rss/articles/CBMilAFBVV95cUxQX0pXNWFjVGw0NlFLWkgxdVVjUkVVLWk0MjFSZmJxYTE2OXZnVmJUaGxicFFLcThNb0VBRTFMb0JFZUpsQ1lmLWNXWWlCcmlXX0xGaVBOUW5sRXI3bG5PTEZNYjRUNm1VZldaUHB6MU1kRUhBMm5zc0hudTVGOXM3cTVleGFvSlZnTzN6LVkybkVXZ0NJ?oc=5,"Tue, 29 Jul 2025 10:11:11 GMT",
2025-07-30T01:44:07,Google News Reuters,"JetBlue, United partnership gets go-ahead from U.S. Transportation Department - Reuters",https://news.google.com/rss/articles/CBMitAFBVV95cUxNck5CTlN0cU11cHVVMm5IeEpKdE9LT0dCWm1jMFd1VExsMm9rdGg3Qmp4NDUydHZUd3M2SV85ckpoaXk5bnlLdk9udVFuekhXUFVvOFB3dGhON0VKcjdTTU9LM3RQUlZFZ0tjNFhqakNxdFBnazJIWFdfcmFiamJyQVlNdjNkWHFsUFllNUNmRmFnb1NkRGVRQmdEMjVfZDhyU0w1eTYycVRrUFJvSGFVVVd4N3Q?oc=5,"Tue, 29 Jul 2025 13:41:01 GMT",
2025-07-30T01:44:07,Google News Reuters,Meta's year of bold 'superintelligence' bets unlikely to pump profits - Reuters,https://news.google.com/rss/articles/CBMiqAFBVV95cUxPTXRfT3ZHcEp3R2VjQmVzeWVRb29sYkV3OUhzQVRYdUNNYzZIUUlPSGRlUDdLSjd1RUc2TUQtMTBqVllUSTJOdFV3el9lTFRHR01iQkZudFFvTmVoNVk2RzdYUWJuRzMycGpuZVRrblBqOUswdE55TUNhVzNxdE1RZ0MtcU9neDRGYkJBOVNTMk5ZS3l1OWRJMVNmUS1wT01PSWNPWThmemI?oc=5,"Tue, 29 Jul 2025 12:21:14 GMT",
2025-07-30T01:44:07,Google News Reuters,Uber loses UK Supreme Court appeal over tax on rival apps - Reuters,https://news.google.com/rss/articles/CBMi0AFBVV95cUxPY0ZrMHlDTlVUMGJBQXV0YzZYTXM1LU9pRWxLVTVDLVN1OTFFRmlncmRDZU12WDBoV3ppdUdfODh0RFN4djdhMHBsMldtd2J5UV9FYUc2LWRFYzBkMDdvQi1RcUVDNGFqSTlLMnA1S2IwejllX3lOY3dZUEw5MzJrSmowVFoydlRfMFdwUFN2VTUwZUNEUlVUMldlTEtSbVZ5eVl1TjB4NDdhdXRsMW5WRjhwdWl2bG4wMERuMVJDa2hwLXZSM0Nad0c3NGE5Qk9P?oc=5,"Tue, 29 Jul 2025 12:36:47 GMT",
2025-07-30T01:44:07,Google News Reuters,"Samsung Electronics shares extend gains after Tesla deal, but challenges remain - Reuters",https://news.google.com/rss/articles/CBMi1wFBVV95cUxQd3dGRVhEUkVkMmxyVFloeUJQZzhkQURGb1ZtYW1QUnZNSnprOGNMQ1kzbzRacWU0N2NBRUF3Y2Nkd2ZfeHJGN0JxSjVWSVlnN3lJSlM2cFB2ZjVGUGlzeWJZRjZZYmh3bER3QVprY0lkUVljNnFHUS1hdXQ4a05jTmpFYWlVZm1KbEppdnVEYzFzUmoxR3VIbU9GT1dZdWw3QXZwSi1wNEQ5YWtkcTZOeXpBajBlbVo0bUJCLUk0OHRfTFlFVEljNko5b0VYYmtlUzJKS2lXUQ?oc=5,"Tue, 29 Jul 2025 08:13:43 GMT",
2025-07-30T01:44:07,Google News Reuters,"Trump eyes Aug 1 trade deals as EU, China talks continue, US Commerce chief says - Reuters",https://news.google.com/rss/articles/CBMi2AFBVV95cUxQUDRmLWlkLThJc3NEeFpIUTBNMXpHOVYzMThtUG9Gck1sdWpteHR4ZjlvY0hyYi1VWDZRaTA4U3JsZEtRZHV5Nlp6WFBUTGY0ZF8wOUIxeVlVd1pzZDU2RjNUUzNmZGE4X2Y3LUlMSm9hSGJaOWtrVmZlR1JZVUhjWmJvNUpzd3FBaXA5VENXYnpGSmQ5LWR6ZTY0MmFweDNjTzhLc2VQVWN2WHNOT0l6SG5KbWtGVjhJdXdtckdJOHZVWU4zX3prd1JWRXJQR3RDQmE4OTdXN0s?oc=5,"Tue, 29 Jul 2025 13:53:49 GMT",
2025-07-30T01:44:07,Google News Reuters,"Beijing's extreme rain 'trap' kills at least 30, displaces thousands - Reuters",https://news.google.com/rss/articles/CBMixgFBVV95cUxPWkdKTDdnRGhadXc1anlHWEJTMFBOQngyeHVkYVVyZlpOQU9CMnJLSi1NbnI1OUUxQlp5ajJPUnR0ckJKazA5d3V6Qm4xV1lXSGt5X1V0cUVhX0dRZWRreEVnTm03eWhFYk41WmJfM2VvRVE4eEdYR25Eb2VDakRqVlpHNVkySTIyZV9aN1FLbTdRaWFBLVI4OFlXOGJnZHl5OEhUNUtGb1FHV3dLSk1RTi1LZGNiVlRHOEQ1MlpQOTROdjk5Ymc?oc=5,"Tue, 29 Jul 2025 09:35:25 GMT",
2025-07-30T01:44:07,Google News Reuters,Retail replaces 'smart money' as Wall Street rocket fuel - Reuters,https://news.google.com/rss/articles/CBMinwFBVV95cUxNM3U1MFQ4dk50b0txb2pTa21HU3RaSG91R1J0Vll4TWJ4UV9zX211bm5CSThURUkzdkhGYVFseWlqUW82aVZ1X0o0ZEpJMHJWUkxUeDRLb05rQy1ZeFpRbldtekRiZEFQSFVHOFVsbkI0YnY5TURPM0FGRVA2QzRIeVluWl9PdDZ0ZU8tYXJUYXl1Qlk0MWhsNVZaQ2xsbjA?oc=5,"Wed, 30 Jul 2025 00:00:00 GMT",
2025-07-30T01:44:07,Google News Reuters,"Bessent says China talks 'robust,' did not include TikTok - Reuters",https://news.google.com/rss/articles/CBMipAFBVV95cUxONGQzcFBuckVqZ0UwVzB2X3A1N3JDem1sdXFzUFBNQnVXbm82X0dZRk5mOTNweXM2bU9naU1ZSUVyN0huOUdNNHJPVm1nVVFBQlpLR0dDc2xxNVU0TUpLWTR6TTJtaFBVMDNNc1ZKdVRUTWJLcXZXM2JoWGpydlhmOVViR1lleWJvaVBXWGVNZzdRNGJiVXppSWxORnVXZU95NExrYw?oc=5,"Tue, 29 Jul 2025 19:23:43 GMT",
2025-07-30T01:44:07,Google News Reuters,"Baker Hughes bets on LNG, data center demand with $13.6 billion Chart Industries deal - Reuters",https://news.google.com/rss/articles/CBMi0AFBVV95cUxOY2Zra0xwRDlYMS1ZRWd3ZFdzZXZsTWNxcmNjdUV0cml0NDk0YlVCOWh3RWwyeWlzTFI5X2Q4RWROMVhJbWl5M2UzMmpOTWdKNlM1aWVxR1hOVUdUVm1ITFNwR0pHa3ExQmhnd2NzLVJsLUVXMlpOWlpiMjJTd2FhYko2QUNfOHZGczQ2RFRlMTdhUmRXR3RtR0FMQXA2X2l4R2w0dmZkQnVsUDdnREVBUXA0N2xTd25mWDJpczZUSGFfX3F3S1RTcldkMWViR19X?oc=5,"Tue, 29 Jul 2025 22:41:45 GMT",
2025-07-30T01:44:07,Google News Reuters,Outrage in China after reports exploitative images of Chinese women shared in Telegram groups - Reuters,https://news.google.com/rss/articles/CBMi0gFBVV95cUxOLUNaZlE3d29MNW9lQ2NkVEVqM3lQWXJjX3VsSmFTMVBMRGtGb1JaeUNtY29vWFFPVkVkZGtMNFUzenFxeUswWUpidUhsbVpuU2dUWkRDZ21EY3RvSDBMLXBxTWpHOXVpazZ0WTk1OXlqWlo1ekNLd01HYjhXMXZuX0F3ODFjc1NJSFdaYlNmZnRvclFnbjRTbWEwUERZMzNlVld4d2FCV3hWMnprZFhLNjUyQ1BKQ21DOGptT0drVGpuVUotN3FRWDI5aFpCWm5WQXc?oc=5,"Tue, 29 Jul 2025 20:10:52 GMT",
2025-07-30T01:44:07,Google News Reuters,"IMF edges 2025 growth forecast slightly higher, warns tariff risks still dog outlook - Reuters",https://news.google.com/rss/articles/CBMivAFBVV95cUxPeGxkSV9zSFpVZWtIR0RudTl3cnBiQ1Q3WE5JQkV3VDVmVjFiVnliNlprQmIweUpQQ2J1VnF3WU5VQzhBRDNna0pBaC1TTjJtYUg2SmhwTFlSQzlMR3VaTkExWEVuRHZ6NjcwU0E3TFF1MXpfZzI5OHlabnp3MUR1UE02T25OZjQzaGt1MEhaY0pqQXBUMTVpYjhhN0w3MnhoUVNfMUFXek02U2ZSbGFncmRDZmFTVkdReE55aQ?oc=5,"Tue, 29 Jul 2025 13:06:32 GMT",
2025-07-30T01:44:07,Google News Reuters,"Exclusive: New York gunman was flagged by security camera system before attack, sources say - Reuters",https://news.google.com/rss/articles/CBMiwgFBVV95cUxPUWRqY1ZPNExuQS10RWVtN2FtUmFxcFpCUUxHenNmcm5FS3FxR3VNSURRLVdoYUxCc2tpMlJ1TmpqbjI1ajNvV3BieWdqOUFRSWVfclh3TFQ2MFMxYk1PRzl2VU5fTkM0YzkyNWhHSnNFX0ZiQ0g1OWwySUs1TVItcTVQczlQVzJ5WUlHVTVjZjUyZExxTHZpRjRkaDM5MU5VNEtnTHFsNTlXMVNBdkhMWjFZZkJwRDRycUJCQlRDak1TZw?oc=5,"Tue, 29 Jul 2025 22:04:12 GMT",
2025-07-30T01:44:07,Google News Reuters,"Oil steady amid economic concerns, US rate decision awaited - Reuters",https://news.google.com/rss/articles/CBMirwFBVV95cUxPNUkyemVTbW1GWS0yYWw4ZTh5S19hc2VEWXF3N2dVRjM3cTBYNXVyUGxadjlELURsUUxJaUtYNDVhaDNkdGdSUE1xNlBKcEUxTi13UDUzTnB2UV9YaEVuUnBxOThEamt2ZTh4c0R2eUh0bmVmM3lxOG1LajZ0OUFrLU9odkI3WnZFdndtUW1YdTZYRkV4clliRzRBVHJpWjJuN3l3V1BUNk9lOHpwRHUw?oc=5,"Tue, 29 Jul 2025 06:28:00 GMT",
2025-07-30T01:44:07,Google News Reuters,Thailand-Cambodia border calm as military commanders hold talks - Reuters,https://news.google.com/rss/articles/CBMitgFBVV95cUxQcEFsdGhVcWFxVmNoSkJjbGhpWHJCWmVMQ2pLWV9WTVoxV25xd0VKSEdmT0NrTk51N3FxZTVuVW14ZnVUYk52TWZTaDJtUWZiTlNCdjN0Mlg0Z0dVc0RsemFGSVcxUU9xdENYMUl5WGc3Q2NZSzR2Vkc5S29oRnAtOTBndlBnSVkxSS0xTnlFZkMtbGowOG5YaEs1WTBUbFJRYjVUTW9YOWZpLUlMeGN3eENzTDltdw?oc=5,"Tue, 29 Jul 2025 08:59:47 GMT",
2025-07-30T01:44:07,Google News Reuters,"How Syrian attackers killed: One hand on the gun, another on the camera - Reuters",https://news.google.com/rss/articles/CBMingFBVV95cUxPUzJ0a2JRRTI4T2JxS0JvbzVYcWtIYjh0a2l0WGR0WG83OEg0YnI5QlBDQlVydnJ6X1RQaUNqeE8tbGItdGkxai1rWjA0NkNPZk1hckRGdEVybDVLSjdybUtaVHNyVXU5MlpzR25UaG5pbDJKc1c3Vkx4ZGtSRmc0OEh3QVEyU2g2NzFMMXVaZkxNc1JCYnpSWjRweVdSZw?oc=5,"Tue, 29 Jul 2025 06:00:00 GMT",
2025-07-30T01:44:07,Google News Reuters,Trump’s short fuse could set off Russian oil sanctions timebomb - Reuters,https://news.google.com/rss/articles/CBMiugFBVV95cUxNRkFfeExsM3NtTTJpY2RSc3RCYmd4cTVxc3FCQWx2LU5DQ0JfcVpGTzdLQWhZRVZYUVVtaXE1MUR5QVh5THFCV2djQUM4Ni0yeTRSbThLOFZXcXFmMGZtSW95T1dkQkY0ZVEySVRWZ0ZFYm1QNk1USFFQR2FPbDNvVFRaYTJSZGUwMXJRMXdNQnlyZU9ZMlpNUE5tZ3htMTR5MVdNNWx3QkRKaml3aS00UUQ4M0RFT1Z0Snc?oc=5,"Tue, 29 Jul 2025 12:00:00 GMT",
2025-07-30T01:44:07,Google News Reuters,"Dutch summon Israeli ambassador, impose travel ban on ministers - Reuters",https://news.google.com/rss/articles/CBMiswFBVV95cUxQTGZ1VEROYU1IVnBQcEt3dGhiUGxySTRGeHA2S3VVelVVSUs1SExRLWZUSjFWOHFQY3lIcmVJY29hM2tldDNBNWFiNm9PUFgxWklvRko5VDlHSVBRWXRjOG9lamZENGk0RWNUYm5RNjZGZllpMlc4V3JReDVnRFhGQXVnM2puLVcyTnV0ZmhtTEJZNy13c1V1THFlR2haVWhqXzdhMklpTXZqdUZzYmppbnZvbw?oc=5,"Tue, 29 Jul 2025 05:52:00 GMT",
2025-07-30T01:44:07,Google News Reuters,"Israel-Gaza live: Global hunger monitor warns of famine, Britain plans to recognise Palestinian state - Reuters",https://news.google.com/rss/articles/CBMimgFBVV95cUxPcERXX2x0VFZyek9Dek9jdEdlaU5HVjI4b0ktSWVVN3hjS0FfNjI1cVFBMkNBeXhQYTBEZG95azdXeXZnczhzTVpOMWtYN0RjdXY3dGxzV3hVQUx5SEt6c25sZVQwUWsteDFwRlZfcW5Za3BTVEFvb0taZ045Vlp6ejNEMEllU0JHYV9LN3VmeFI3UTVxZHBNY0hn?oc=5,"Tue, 29 Jul 2025 23:44:49 GMT",
2025-07-30T01:44:07,Google News Reuters,"Indian refiner Nayara trims crude runs in wake of EU sanctions, sources say - Reuters",https://news.google.com/rss/articles/CBMivAFBVV95cUxQY20xLS01eGJSMDdFRk55X2NJRkxsQ24taVg4RWl3ZC1uZ09fVHY1UDF6MzJzeUU3SW5Kc1dnRTI4MDYtZGRYa09hUU5ndnVFX1o3bU5VdzVBQjloLWEzYnZZdGJlR04tcWlzSWhqdEYyT3NxMnhPRUxhSzBUUWV3SmFNQkNyMXlycS1wYlZKUk9kSkJqUE1aWW1acmpqTUJmbnA3MGFmalY0NFc1UU9GQURaVXE2azJwQ2hnZQ?oc=5,"Tue, 29 Jul 2025 07:12:33 GMT",
2025-07-30T01:44:07,Google News Reuters,"Russia-backed Nayara taps Indian IT firm after Microsoft suspends service, sources say - Reuters",https://news.google.com/rss/articles/CBMivgFBVV95cUxOdVpHXzd6WVZIMTA1cDRCZy1OenJzd1g5QlhaM3lhZTNBQmcwSXpDOEsxN2xQeEZpMjFlck9zbGR1MURQTmgwZ3dmTENRamwwN0lmNEZwckxDbm1fb1k4VEtDbzN6M0hCWGJlblUwbWFXbk5ZU09jY3FBeUlaU2hNTjdJTV8wRGRuUWw1X0pXa1ExYXVIeFZKS2hNMzNRRGFxenJpcTVhZjFUaEJaWC1uQ1JHa1BKb1Q0ZmJYeVF3?oc=5,"Tue, 29 Jul 2025 08:07:07 GMT",
2025-07-30T01:44:07,Google News Reuters,"Exclusive: India buys record soyoil from China in rare move, sources say - Reuters",https://news.google.com/rss/articles/CBMiogFBVV95cUxOSzJkYUY2U2pUby00cXpzTXg1UVdmcU1hMTk0Y09fdmZ4eUl2dkVnVXBJTjc2QjY3d0JwTnJjbnpHdllsZjNWMDZ3WnZ4MER5ZnFGbUNBcjB3NkVuV1ZUVGFVTXdVR2tOM0Q2eE5zelNYTTBMZmFrNkRObW9ZdDA3M0xNLXF1a3pmMkVOT2NoMTU3WThGNXJpUUFNUHQ1SWtVdlE?oc=5,"Tue, 29 Jul 2025 14:36:23 GMT",
2025-07-30T01:44:07,Google News Reuters,"Shooting at Manhattan skyscraper leaves 5 dead, including gunman - Reuters",https://news.google.com/rss/articles/CBMirwFBVV95cUxQWm55SnB5OWZFZ241TnJWdXhhRlVXcERTTzJlQWlNX0RkYXp1UTVPek5Gajl0UFl5OGVKcVN2N2pEMi1BNGYyNXl6S3FENnE2dk1ucTdPRXFzczZ1cmVURGhUYUxjZnh0emlPaG55RldIeFBDNFlLaXBzb3RMVTlsaDNzd3gyaVJhRXlidnB0UmFXd2tXRXgxQVVmZ3MwRGtGb25adTR1Z25sYXF2TkZj?oc=5,"Tue, 29 Jul 2025 08:28:25 GMT",
2025-07-30T01:44:07,Google News Reuters,US consumer confidence rises modestly in July - Reuters,https://news.google.com/rss/articles/CBMimwFBVV95cUxQR2hrVFlnc01TV1NpZWFYRXlaMEwzNEV2elpjbVF2Zmx2WFEtcF9FV01YTFh5U2MzWXFvS2ptd3o4UUloZUZkNE9oaFhNVTRGWTNzTnNvTndKQmJtYUpYSTE1bFFlTmdtTlpRcDNHaUpadlNpVFB5TG54MVVHQWFTZHdzSVFtazYtZDM3LU92MEc0TmNVelNKdVhkMA?oc=5,"Tue, 29 Jul 2025 14:37:02 GMT",
2025-07-30T01:44:07,Google News Reuters,"Indian forces kill three Pakistanis behind Kashmir attack, minister says - Reuters",https://news.google.com/rss/articles/CBMiuwFBVV95cUxNamVLUExhUE5fbEt3eklMQWxFNUN0R25VM1BNUG1QRnYteXUza2JrUExwTnVROEFXcERVTUFQRTJBVWliRmdaUWdPYlZCV1JuYUhDRjdJSklwNG1WNGdHYThydy11XzVFNmdSQko4OUdlaXprY1FXTFFib0t1NDZ1ZjRvRUZwMldWUXN3NV96WFRRMVBKTnpXNzZkZUIwa0kxMi1YVVB3UWdWQVRacmVQSXF3M2FCM1cteGJF?oc=5,"Tue, 29 Jul 2025 09:38:32 GMT",
2025-07-30T01:44:07,Google News Reuters,Lilly set for strong quarter after Novo profit warning - Reuters,https://news.google.com/rss/articles/CBMivwFBVV95cUxPTjA1UXN2LVYzSDBvZXZueF9hZjFQa3hQTi1VWGJQbldEc0c3OXRZYkFUY0llZTJld1pnekU3VmpUOWRLa082VWF4U3lzOUJzWGFlYzc0VmhfOW02YkJ5anpOMXBuN01hODdHdWZVaUFoZ0NHaUd6dXBRZldMcmVLSW80U0xOWWJaa21tbU45RlZCWEZvWlpUSHo3ZHcwdi1uVm50RmJEb01tSWhDVzNXaVdKWmJmUWE5aXJqcHk0cw?oc=5,"Tue, 29 Jul 2025 19:51:12 GMT",
2025-07-30T01:44:07,Google News Reuters,How the deadly Midtown Manhattan shooting played out - Reuters,https://news.google.com/rss/articles/CBMimAFBVV95cUxQLWV2dXdPcUJ3QlNhTjFLV0pEbXpHazc2N1RwQ0R1blZDYmtNNXRDdzdFV1Q3NUk0WWhXNFktNWYtS0RjVnRfZ0N1RFBXUkZTM09jeEQ5ZjdiQnR1SXZZSFhVZURGa0ljd1NGNmlONVB6RGFZYkJyOHdobGljcS11NFVhTThLQjc3ZDFQb01RNGd2ZEhPOExzVg?oc=5,"Tue, 29 Jul 2025 03:37:00 GMT",
2025-07-30T01:44:07,Google News Reuters,Cambodia's border refugees waiting to head home but still wary after ceasefire - Reuters,https://news.google.com/rss/articles/CBMiwwFBVV95cUxOeEFhVk1XbFF0a1lpZ1BuMlBhWHRWZG5hRkI0S0N4bXZNTEhhRWk3U2VCbUhWWjRhcXhqel9WQ0E3Y3FSX2dnNVRsSXBvNFFhVWpTaDcxWDV1TjE2Y3hzZ3FZVHV2cHhTVW1ReFpOOVVoRUNONXF3bDNvY0RadXB4X0xaOXJOT3lVX2x5ZjFMTDByQVk3Mk5mTmpyQ3FjczBEd0VEY0xmckxncU53STgyQXhTZVIxdElPcGJuS1F3OUsxRE0?oc=5,"Tue, 29 Jul 2025 05:12:00 GMT",
2025-07-30T01:44:07,Google News Reuters,"Exclusive: Nvidia orders 300,000 H20 chips from TSMC due to robust China demand, sources say - Reuters",https://news.google.com/rss/articles/CBMiuwFBVV95cUxQM3dGRmgtNk5ydU9ialVxQVc3dWpHV2lfZE1tWUhJZTZqXy1OeU92Wkk4SXFYZ1VlbUtkb0ZHZ1pRbzdETk1kS1dQYWZkVDMwbk5lOUhsQkFlWkJWN0xhYjhETG11VWVjODE0bHlPa0I2b2tHVlNzUVJTOFg1a1NjaGJZMU9zM3dIY0VoTTAxR3p6c2w0eDk0blRrVHYwd09lSkVCVXYxRVVKejdfYktSWnFRcDYyYTVYMGdJ?oc=5,"Tue, 29 Jul 2025 03:04:00 GMT",
2025-07-30T01:44:07,Google News Reuters,Microsoft's AI edge under scrutiny as OpenAI turns to rivals for cloud services - Reuters,https://news.google.com/rss/articles/CBMiswFBVV95cUxNUXBLTEFldHdhZi1ZQW5oT0dOdWZYU0ZZUmQ0RXZ4Z2pSQ1cweDdMek9GbXNhdW55N29TaFRuZW1RR2pLMk1nT0JpaUlSMXlGSlh0bWRmSUU4UmRnWnRMazRUSzh5YkN2RGd5dnd6WUZSZXpuN2tsSkRNUXJaSzQ4eHpYZHFtQWFqWmVsc05TYmV6dnhseHY0UnpyTUZ3am1HUk9ycUhWd0llMFZ4WTU4R3UzVQ?oc=5,"Tue, 29 Jul 2025 10:41:23 GMT",
2025-07-30T01:44:07,Google News Reuters,South Korea in push for US trade deal to offer package including shipbuilding tie-up - Reuters,https://news.google.com/rss/articles/CBMiyAFBVV95cUxNeVQtSU9VRHQ3VlIxN1N2anlmd0t5bXdRWXROYmRTTXlFSGJQb2V6ajZhZ0RISzdEdGZ5YzdGcUsyN3NORU9Pa0Z4X2lZN0xFSHI3Q0RCNE5iMWRJSWRFaXNpLTNQX3ZFYXZuMGNiQjdRajc3TlEzRlVpNDBnSTQ2RzlOTEFtOEh4LWZtNmR4QnFETHJ1a2V5MFpOS09kS0NuV09HRFlvT19objJiOUZCNU9uamE3QkM2NE5OWFZBVzIxZ2NjeUZ6VQ?oc=5,"Tue, 29 Jul 2025 03:17:00 GMT",
2025-07-30T01:44:07,Google News Reuters,"Indonesia's FDI drops 6.95% y/y in Q2, biggest fall since 2020 - Reuters",https://news.google.com/rss/articles/CBMirgFBVV95cUxONmJwT1JxR0NaSUYwYnJxdlREM2tVdXpGa1MtRktRcW9MWXppTmtrdkVxTTlfMjRlazBzeXRiMHI0cjl2U0pqdzhqQk9nVzZZM2c0R2FwTmZTMmlDLUJXSS04ZTgtbEMzbUQyQ2tqLUVCb1VSQXpOU01LaEJUSzltdUszRGU5RERHaENBRDYzcHdBcTRFNThuZ0E2X2ZnS2VBQVFZeWNrUVExN3pJWnc?oc=5,"Tue, 29 Jul 2025 05:32:00 GMT",
2025-07-30T01:44:07,Google News Reuters,"Trump says he is not seeking summit with Xi, but may visit China - Reuters",https://news.google.com/rss/articles/CBMiqwFBVV95cUxOVTY3UEpweHJmbmc2RTFBNGhURjh2ZFc4am40aTF2ajZZcXdweExSRHhYOFpndnQ5U3VKSGNFa2hyVHpoeVRUOThuZlFqMVlGSktZNmw3VGJGcVNQcFFDNG1VSkl5ZXpVX3A4ZXA0aDZQS2pWQ1I4THNOVm16VHVYQ2tZZnFvM3FtME40VTRSR3J0c21zTzZqZF9vLTNTYndtb1lPVldxb0J6Nnc?oc=5,"Tue, 29 Jul 2025 04:11:12 GMT",
2025-07-30T01:44:07,Google News Reuters,Buffett's Berkshire sells one-third of VeriSign stake for $1.23 billion - Reuters,https://news.google.com/rss/articles/CBMitAFBVV95cUxNQWt0dG5XTjI4UnJ5Q29UQzVDWFl2emQwNVR0Q1dUMVlHYUVzV3ZmRXktQ21yeEY5Z3BuTGpzU2gxM1BjdWk4OF9NdHlsR2NqU3hobVlmUDd4dnUxdnQtV2Y4OEFya01PX2lpdHFlQmthWW50dzYya0xZSnFGamNMNnZlOWxobDVpX0JFOVdfR3lXaTI4akw1NVNZZlRyS3hZOTdPQ0llWENTNlJvcVUxZTZHdjQ?oc=5,"Tue, 29 Jul 2025 02:13:46 GMT",
2025-07-30T01:44:07,Google News Reuters,New York shooting live updates: Police investigate Shane Tamura's motive - Reuters,https://news.google.com/rss/articles/CBMiowFBVV95cUxOYkUzQmxJSXVSVEUtZE9fOE9ZdktrRGRZWDdDRWdISlc1ZWJQZ3hPM19FdDJUcWozaVphbmNMaHZuVGpTdEphWFR4TElqUndaTm9xVnBxTms2eXpTcnJJd3BsbjJ4RzFNb3lNRWtYM0dwX09yOTNhYUFueHVrMlE1ZlJnekVvaDJaVnIwMWxUOWg2anZGdnM3NHdXc1M3anVRenFj?oc=5,"Tue, 29 Jul 2025 21:08:30 GMT",
2025-07-30T01:44:07,Google News Reuters,US Senate Democrats to investigate Kennedy's firing of vaccine expert panel - Reuters,https://news.google.com/rss/articles/CBMivgFBVV95cUxObUh6M3RYdUxsek12cXZpWGx6ZEtQQmJieGlQT1ctZzhDVWFZYW44ZGxvYXZfaFhMWm1zczZyaC04emlXUVpQRk5JQVdwcVVZeGVaRzBIdE4zMVVxYzBQNlQ3OEJVT3Buakx2a0lyWThod3A4amV1WDJqWUlxM2lFci1reWxpZmhLZENoNVMxWXdVUFlRTGo5blpTaTJsaFZjTFQzNmx3R085dUR1cVBDMjNLZTBaczFnNEZOZ09n?oc=5,"Tue, 29 Jul 2025 11:17:17 GMT",
2025-07-30T01:44:07,Google News Reuters,Kremlin says it 'noted' Trump's statement on shorter deadline for a ceasefire in Ukraine - Reuters,https://news.google.com/rss/articles/CBMivwFBVV95cUxPOWt0eVRQaXd3MFMteE00TFQ4OU5qbi1uQm9mSjMyM242NXNTOTI2Rmh2dWdnVm0zdFUzQ2sxOUJ3ekRpMEhqcGpVVWxncVR0U21ZYU9fQ0xUdFVXbzEzbkExQVpJVUJwZ0Z1R0NEZGNDbG1LdWF1amxCS3F1Tng0Q3JUSi1WMjBHcVYxR3NZaWk5S1NGTGRWVU90UXJQemxoNEJRZUlSdlhLTnMzNXEtVXYyMk1URW5Rd3haOXJnNA?oc=5,"Tue, 29 Jul 2025 10:08:55 GMT",
2025-07-30T01:44:07,Google News Reuters,"More tariffs on Brazil would mean steeper slowdown in activity, says IMF - Reuters",https://news.google.com/rss/articles/CBMitwFBVV95cUxPZjJna3NGWVZDbzludnhWMTd4ekw4UGN4aGJPUTZqckxlOHdrSmV2Z3lHSnBkN0pxZy1fVDFtZkllYnhPRU5hTWljUHFTWEhBYU43aVNHU3psSWQwMGpHeDhTSkd5d0NzS0dYU1AxVkRJZTFNcmlyUEpJTkNWWHpLdlRMWVdXQksyX0lTRTlhcktXVnFVOWJ1aDlfNGZGbjBkWTdYM2ktcEc2QUlvdEtzM1BxMUhaTzg?oc=5,"Tue, 29 Jul 2025 14:28:14 GMT",
2025-07-30T01:44:07,Google News Reuters,"Baker Hughes nears $13.6 billion deal to buy Chart, edging out Flowserve, FT reports - Reuters",https://news.google.com/rss/articles/CBMiygFBVV95cUxPTThqbW9zSDZzN2hTRmg4SVpuWFdXa3dNWlVmaDZkeTVnM3Z1dFZoem5zWDZaUmt6TXpiY1JIUXRidk9ncVRXTUVYNnRjWXJza0NqUGpmQWtFa2YwcGNPTnExOGFhWFRyVVVBRENYV2NKUGEyS3Mta20yMWN5QnpqVUYxbG9QVVV2ajZ5MlN4Y0FuSkZsMW5ZZzN0OXRKeXJtQk5maVdrSWhBVFV6bkNXY2wtanIteGo4QUhyT09oeERIREE4RGxZdzZB?oc=5,"Tue, 29 Jul 2025 06:01:06 GMT",
2025-07-30T01:44:07,Google News Reuters,"Colombia ex-president Uribe guilty of abuse of process, bribery of public official - Reuters",https://news.google.com/rss/articles/CBMiwAFBVV95cUxQcmVsajM5OVBzV0RacTFnUzJPTW45SlFHSzhVQ1k2Tkxzek1pQ0ZKRFdMLVpwMW53RS1CYl9sUWtQTkIxR29SRFpCQUIxdnBNR3g3SEdjQVJ5SEdyalU4OGlXbEprc0NlcXFkeHFXell0VW5NdHJxMnhoT29VSHo3UzMxNjdjV3hzNmk2Z0w4MnBud1hlVDN5cFAxRExCdkRneENXblpqdU42Y0MyX3dIZVE4TGtYeTV5V3VCeWxObFg?oc=5,"Tue, 29 Jul 2025 08:32:44 GMT",
2025-07-30T01:44:07,Google News Reuters,Exclusive: Trump team hears pitches on access to Myanmar's rare earths - Reuters,https://news.google.com/rss/articles/CBMiogFBVV95cUxNTktsaGtfNzl1ak9CaEZVLURsT3g3RnZlWGpVUV9YaExVMkFMN3dXZ0pUTU1YQmw4LXdaSDNaZUZHcE5lQ2lqTjV6TURBZHcxUGRnSmUxckhSMEZwbTRobWluNUJuUEZKUzhZMnNwakFoOFFRYldKRWdEX0hsSFo1X2lRbGZSalNUQjBZNmdNRHV6TmVjdzdSSUM1aWxnX0pOeFE?oc=5,"Mon, 28 Jul 2025 22:35:46 GMT",
2025-07-30T01:44:07,Google News Reuters,"For first time in decades, Cuba's private sector outweighs state - Reuters",https://news.google.com/rss/articles/CBMiqgFBVV95cUxOb2J6bEdQMzdxcUE4TDdURHRsd3NCT0NneGp1Qy1hcFpiN0hNZXZnak45NGF3aW54YkZkaVluQnB5TUtQcC1qbVVmb1B5SHFPVm5PYnBpaWJXMk9EeG5TRDBwTDRkRHhmLUtoNVFXMGEzV09RSkc2UWF6NGlKejNzQmRqcjBIOC1uN1NKNV8xanRjV2Z0NUZFYXFnQmRJV09pdXc1bnhFUFpDUQ?oc=5,"Tue, 29 Jul 2025 17:13:15 GMT",
2025-07-30T01:44:07,Google News Reuters,"Spotify forecasts profit below estimate on high payroll taxes, shares sink - Reuters",https://news.google.com/rss/articles/CBMiywFBVV95cUxQWnNnUDIwSGJWRFFTR18wS2Fmb2hfUXBxU0RBQTlrMklNWW5NbmJkRGVRdWV2UHZPMGIwRFdhMmd2SWhqLTVILXRKdERrVDlBM2NaQ2xvM0lXeXVpTmRUR1hPVVBQRVRhYUZGS0lPOFJ2WG5wSEh2WkJtMFBSa2k4bWttVll5RVpGU3BmWGlWMzM2R0JIOEpCTFZ1WFFZT0FITG1rZkI0OFNQeW12ZUhJWXplNWZZY1pKblY0TXppZWVpdjFxUUZ2T1pQTQ?oc=5,"Tue, 29 Jul 2025 16:44:03 GMT",
2025-07-30T01:44:07,Google News Reuters,North Korea says Trump must accept new nuclear reality - Reuters,https://news.google.com/rss/articles/CBMirgFBVV95cUxNTEZyR1ROajVBSDl0V0k0MWthYlJTY2dnRGdja1FrWUt5RGNYOWg2Ykd3a3R0b1BLRExLajlSRmRpWS1mZld0dkx6UGh3cUhrbzZGMG5wYTU3bmpWeW5mS1E0SFNKbGJpcVcxSDdWTzg5NHRGZU9rSFdoVlBTU1NTV2VkXzY0N3NLTUVSaURDeHdrS1FfTXdKRERxdDNVV3NpdHBoM0NseHRWWEEyeXc?oc=5,"Tue, 29 Jul 2025 06:56:47 GMT",
2025-07-30T01:44:07,Google News Reuters,Amazon.com seeks to end lawsuit claiming rice contaminated by heavy metals - Reuters,https://news.google.com/rss/articles/CBMi3wFBVV95cUxNSjl1RFdHNGw5MkVqbkcyV0hvdHJ2UVNKZndvdV90T0w5UDdhMUFIVTVIemgyWWZseUdRbi1acFZZS3lId1k1eGFjbnJvQmpFajNCdk9XVjE1eENkd09hdnVxSnRnZDR4Y1otdV9CMDFhMTd6QndzUDc0NUhReUw3RVIzQUwxZjF6MDZNRHZ6aTlnRHZzVFFxVUcxN3lXUnBrRU43QkE1LTRkcGNzc1V2eVhTLUlMVnRVOWFBV1pYalRtZXctN2xmQkktWW1lcEFvLXpGRW1IbGlHbG5iYXc0?oc=5,"Tue, 29 Jul 2025 14:18:36 GMT",
2025-07-30T01:44:07,Google News Reuters,Exclusive: Cadence to plead guilty and pay $140 million to US for China sales - Reuters,https://news.google.com/rss/articles/CBMioAFBVV95cUxQX0k4ZkcyZHBQbGNpTTNjZUV5a0g5T2N1WmlYX3NSY1AxeER3RmRQNHFqd25vU3ZEY3VxWU5zbTNnV2lDODVmYnRwMXZzWWhNUGFZX1hnajM0cWgyU0J4VjlpaGIzNkV1QVJaY09YNGtWQkdsZGR2OThwZXFBRzNxRlY1SHRzMm5FWTUzWFJaRjZOVjdzbl9haHIxWnA4cVBq?oc=5,"Mon, 28 Jul 2025 22:57:30 GMT",
2025-07-30T01:44:07,Google News Reuters,"S&P, Nasdaq again close at record highs, trade choppy - Reuters",https://news.google.com/rss/articles/CBMiswFBVV95cUxPVndPcWNJaTF2dnBrLXp4bEhYT2J6MnhCaldOT0tZbTNCdEVnMDY2RkY2UVpLd0xuSnlCc24zOFFfNGI2ejcxc0xiZ1hrTDM2cms3SU15LUFfUTZPUVV3LWdOWm9EbjBqM1VlTGxncjBrNGRlVXJvUWVUSE9mZkt6SWdfcGxXTzBHUzFfRW9qcGdVcEpaRlIzenNRMnVsT1gyUmlkWHlMRG9zZXYwRDNROV85Zw?oc=5,"Mon, 28 Jul 2025 23:05:46 GMT",
2025-07-30T03:26:36,MarketWatch Top,Why a California law to protect office workers could resonate nationally after the NYC shooting,https://www.marketwatch.com/story/could-new-laws-protect-office-workers-from-violent-incidents-like-the-midtown-manhattan-shooting-0f5ebb77?mod=mw_rss_topstories,"Wed, 30 Jul 2025 02:19:00 GMT",
2025-07-30T03:26:36,CNBC Top News,South Korea's LG Energy Solution signs $4.3 billion battery supply deal with undisclosed party,https://www.cnbc.com/2025/07/30/lg-energy-solution-signs-battery-supply-deal.html,"Wed, 30 Jul 2025 03:15:09 GMT",
2025-07-30T03:26:36,Investing.com All News,"Asia FX muted, dollar weakens slightly ahead of Fed rate decision",https://uk.investing.com/news/forex-news/asia-fx-muted-dollar-weakens-slightly-ahead-of-fed-rate-decision-4190385,2025-07-30 03:18:08,
2025-07-30T03:26:36,Investing.com All News,"Asia stocks mixed; Australia gains on soft CPI, Japan steady before BOJ",https://uk.investing.com/news/stock-market-news/asia-stocks-mixed-australia-gains-on-soft-cpi-japan-steady-before-boj-4190384,2025-07-30 03:14:07,
2025-07-30T03:26:36,Investing.com All News,"Tata Motors nears $4.5 bln deal to acquire Italy’s Iveco, ET reports",https://uk.investing.com/news/stock-market-news/tata-motors-nears-45-bln-deal-to-acquire-italys-iveco-et-reports-4190383,2025-07-30 02:30:06,
2025-07-30T03:26:36,Investing.com All News,"Tesla, LG Energy sign $4.3 bln battery supply deal- Reuters",https://uk.investing.com/news/stock-market-news/tesla-lg-energy-sign-43-bln-battery-supply-deal-reuters-4190382,2025-07-30 02:26:06,
2025-07-30T03:26:36,Investing.com All News,Earnings call transcript: IGO Q4 2025 sees stock surge amid market challenges,https://uk.investing.com/news/transcripts/earnings-call-transcript-igo-q4-2025-sees-stock-surge-amid-market-challenges-93CH-4190381,2025-07-30 02:24:10,
2025-07-30T03:26:36,Investing.com All News,"Eos Energy CAO, Puri, sells $103k in EOSE stock",https://uk.investing.com/news/insider-trading-news/eos-energy-cao-puri-sells-103k-in-eose-stock-93CH-4190379,2025-07-30 01:58:06,
2025-07-30T03:26:36,Investing.com All News,Eos Energy CCO Kroeker sells $590k in shares,https://uk.investing.com/news/insider-trading-news/eos-energy-cco-kroeker-sells-590k-in-shares-93CH-4190378,2025-07-30 01:56:07,
2025-07-30T03:26:36,Investing.com All News,Darden restaurants Olive Garden president sells $17k in DRI stock,https://uk.investing.com/news/insider-trading-news/darden-restaurants-olive-garden-president-sells-17k-in-dri-stock-93CH-4190377,2025-07-30 01:54:07,
2025-07-30T03:26:36,Investing.com All News,Earnings call transcript: Arafura Rare Earths Q4 2025: Strategic Moves Amid Rare Earth Demand Surge,https://uk.investing.com/news/transcripts/earnings-call-transcript-arafura-rare-earths-q4-2025-strategic-moves-amid-rare-earth-demand-surge-93CH-4190376,2025-07-30 01:54:06,
2025-07-30T03:26:36,Investing.com All News,Darden restaurants Olive Garden president sells $17k in stock,https://uk.investing.com/news/insider-trading-news/darden-restaurants-olive-garden-president-sells-17k-in-stock-93CH-4190375,2025-07-30 01:52:07,
2025-07-30T03:26:37,Google News Reuters,"Powerful quake in Russia's Far East causes tsunami, Japan and Hawaii order evacuations - Reuters",https://news.google.com/rss/articles/CBMizwFBVV95cUxQV1JEeGxFS0xXaTllWjFqaUdVakN2dE5ZbjFKVjlRUGN6WWFHd1NNcllwUm1JdW5NSlJhZnZ1eFNnX1FzZGlLWENfSHBZa3ZlUXpudFFDaFhCSEdwMTYwUlJFYkZwQTNJZUhyZnNrXzU0U0tJVFR6ZHZSc29SMlJGTVRvNEFvWEg1ZFJqMTM5aC1INzZVaTRpc0JKaTRORnN2QUtlVFNZWmQwaUV2ZVNtaGRzUFQ1V28tblFCYmdXNmhxSlk3ZGNvTjE2cWt6TnM?oc=5,"Wed, 30 Jul 2025 03:02:00 GMT",
2025-07-30T03:26:37,Google News Reuters,"Exclusive: Tesla signs $4.3 billion battery deal with LGES, source says, reducing China reliance - Reuters",https://news.google.com/rss/articles/CBMiwgFBVV95cUxPUXhuTmNESmpST0tsR2pzZjNpUGpfY25OSVBzTi1wSHpJNlA0T2dIZkFBYVFPTUdYa2l2c0w0em1YY2JHTFViSUR5SmZLOXB5cXhIQm9ETjMxa2pCaGNCTzJCSnhiN3Npa1FDbTNyT2hfUGxEOVdyNElQcWt4LTFQOF9oMDY2TVZVOGNTdDZGa1l5a0hKTm5hYU41RkZfVlE4aVZ2d3NFdXNSWWt5T3J6bGpIY3d6cmlOclhPSjViT1JmZw?oc=5,"Wed, 30 Jul 2025 03:03:09 GMT",
2025-07-30T03:26:37,Google News Reuters,"Australia widens teen social media ban to YouTube, scraps exemption - Reuters",https://news.google.com/rss/articles/CBMitwFBVV95cUxPcnFDS0g2TUI3TEJzVEhQcnY0eldMelpRcDhnSWRvVVdXQkpCWEI2M1dhcTdzWnczMS02THFOSmY5UkMyTkFMZFNRajJDSW5kakRvbU5XYWlzTTN4ejI3VUFIZGxpZTBnWFRjMUQyLXVOdERsb1pZM0JzMXhDcGpvWU9keDJ3WVVsLUdVOFZkTERvaHgtS0VmNUxoMVQ3Q2pIUmRSZkUzd28ydUZJUU8zUG83VWs1ZmM?oc=5,"Wed, 30 Jul 2025 02:27:00 GMT",
2025-07-30T03:26:37,Google News Reuters,Oil steady after big gains on Trump's Russia ultimatum - Reuters,https://news.google.com/rss/articles/CBMipAFBVV95cUxOai1wWkVaS016OS00Tl9fNXZsaTRHeW9kN1BEa1NyaW9FV2N4eGVxSlFZVHFMT1EtQWNBTFQ4dGdQYjRCdklrS3lvRUV4ZkxXdEJaNFVrMnhPeVdCYmtmclV0UHBlSGwxVDFaRVBPaHQ3QXpwMVI1ODc5eTFfNTJjdnNlTDhTWnRrQjhmUXAyVlhHRHZsc2VkVmJzUFo2OTJWZmw3cQ?oc=5,"Wed, 30 Jul 2025 01:36:00 GMT",
2025-07-30T03:26:37,Google News Reuters,"Australia adds YouTube to teen social media ban, tearing up exemption - Reuters",https://news.google.com/rss/articles/CBMiugFBVV95cUxPMVVDTWMtdE55N2Q1Y01Pdko5TzNkTm85Qnd6dGhxbnY1aUExaXFVSnFhbkI4X2dhMVBBcGlpYTkyU1ZtcWZxcjJYYUVSYXg0MDhaWFlwb1FBZThFSGtXc1phOGNRSC0xa2JMaEJWYVBxSEtNVmd6dUp5SHpsSzR1YWNOQnlPQjFwNmdMODlHVk5aUi1rY2g4LWV3c1QzVzZjVFBjcE96Y3BwTVd6TkktVmh3Q3M0NWpiTkE?oc=5,"Wed, 30 Jul 2025 01:11:00 GMT",
2025-07-30T03:26:37,Google News Reuters,"Exclusive: LG Energy Solution, Tesla sign $4.3 billion battery supply deal, source says - Reuters",https://news.google.com/rss/articles/CBMiwgFBVV95cUxOUUpjT3ZnaXN5SnFRNG5jNWlWTWFaZGpmazZfemctNjJnemoya1VVRmZCVlZOWHRmRTdGWjZNRVhzT2FNYkphaElwSVQ0SC02T3BoUFlGQWpmRlVPZmxPZHNzcEJPV2Y3YXhfR19vNTlKVElBa3lsOTZHbzdLdVI4Tmx0a2pxbjlZVUF6WmFOMEVUdUhmbEJ3ZkhHZDJvX3JfV0FRQjdXRzVXUDE0Q1R0Um5NdWRmdTFUQzhCUGI1Y2xjZw?oc=5,"Wed, 30 Jul 2025 01:58:19 GMT",
2025-07-30T03:26:37,Google News Reuters,"US Fermilab hit in cyberattack targeting Microsoft’s SharePoint, Bloomberg News reports - Reuters",https://news.google.com/rss/articles/CBMivgFBVV95cUxPbk9zUlFoaGhnQXg1QnItZnktZGQ3Z0psaTNpQWtidFEwSjN3bGhhNzNGM3ViaFMwSzlqelhYSXppNWdmbVRYOTFwMG5UV29pbkZOTnVPRWxrcGpnNVdxLVA2cGlfTExkUTNhbEpZaFEzR253N3NxSURhYTdkR3ZEZU5TeVYyaHpLOWQ5Rl9ISWFRakU1YWxIem4ta1FMd3BKWDVkMi1oSGdNREhnTUZiLWZwVjdKdkgyVF8xMFpB?oc=5,"Wed, 30 Jul 2025 00:30:16 GMT",
2025-07-30T03:26:37,Google News Reuters,"US FDA's Vinay Prasad leaves health regulator, STAT News reports - Reuters",https://news.google.com/rss/articles/CBMizwFBVV95cUxQOWlrUnU5eXpyQ1Y1OGloX1hOY0pkSEZCRGNGTlJFWlNseFZoZ2dEdVEwbENINWp3MGJWNFd1Zk9SV3R5SUpSTDhrWUtaM0U3VVM3V2FEQm1mc19EQ2hOQnlZMGtuU216MHFCcUsxZmMzOXk3ZEQ5U1U4T3pYRlRFWUh0NlA5QldGQlo2WHRwZ2UtMlpVQkwxdUFtT1lNUUIzXzlacE14eDZ6c0dzVG9yek9Ia1VjdWc2dkM4dElQTHV2WF96WGFaX1lfRExKdEE?oc=5,"Wed, 30 Jul 2025 01:11:00 GMT",
2025-07-30T03:26:37,Google News Reuters,Brazil beef-packers estimate $1 billion in losses if US tariffs apply - Reuters,https://news.google.com/rss/articles/CBMitwFBVV95cUxOaF9nUU5sZGFySDRzdUIyckQzUUhWSXZRdG40R1NIUzBZNm9ma1M0eDItLVU3UHVpc3dOWml6dUN5WW9tZ0cxQ2prTkg3eVFacGxMVVpBMmdkamgyV0M5c283THBaQlNCaVVrME1TZTVWNW40dEoxVUliWS05ZTY0T1JrWFBTUXh5eDVpaUw4U2JEc0ZFSWdXeEtFQnIzeXVFSGVtZ2gydktZQWJNOG1vV2Q0Y1Y0YUk?oc=5,"Tue, 29 Jul 2025 19:01:05 GMT",
2025-07-30T03:26:37,Google News Reuters,Starbucks CEO details brand reset plan as turnaround efforts drive sales beat - Reuters,https://news.google.com/rss/articles/CBMiuwFBVV95cUxQbmtiaVVNOGsxeVdCYWpxSXlVYWlySENOa05qT2NneTZpamdLeVdoV2FRRWRVdGtDc1N6UEZsV29pRFdWbm1NcUx5ZFU0MUhfVTJGR0x6UVhHMTVlZmFyYldXUjQ3ZlB5cFhWZTFZT0FaZ3ZPanBoUjNnWXpSTjBoWC1BYjNMa3BXX2pGdEdUUEFINklrLVBmOS1YNFg2bEtsdDZSYVNPaXluV3RacEhMcGV0QTd3cWRxak9r?oc=5,"Tue, 29 Jul 2025 23:07:00 GMT",
2025-07-30T03:26:37,Google News Reuters,Oil tycoon Shvidler loses appeal over UK's Russian sanctions - Reuters,https://news.google.com/rss/articles/CBMipwFBVV95cUxNSTZkeWtSeUJIblhPMy1qc3JlTThhY1dBR3lfVXhGM0tyeno1elFiaWxnd1RaWE5qLVgxR1oyZEZ5d3ZJQ2h0RnpEWUtVc0JqNHpiU21kUExGRWkyUE1oNUJtMHQ3UjZQa3VTZTJNOWRtYmt5MUtPVk56S0g3RVZnT1lnQndEbk9ONER0MlpvYjF2YTZCMEZicHc2M0t2aEtjN2dMOFNSSQ?oc=5,"Tue, 29 Jul 2025 14:19:29 GMT",
2025-07-30T03:26:37,Google News Reuters,"Germany prepares huge orders for jets, armored vehicles, sources say - Reuters",https://news.google.com/rss/articles/CBMiwwFBVV95cUxPcHlmR2tRRmNuMndZclpLZHBYQXJuejI1TTZVaTVTcHgzaHJCaDdzcmpGLWs4a3ZFb2oyUXFTcTZOWC1PNldOV2t0cEZsUGd1b0hVTGZqcHVhRTREQkc0Ynpic0lxVEZib0ZJZGliUkZPaEx3YlBPa01hLXM3SVVrZ3BXbnM4VGNFSG5BRndtLXJkWkN0ZFB5aVB1a0JqNHNWcElxak9lVzV6YlVINVRmWDdqcU1KNU9OMHBBQmFRaXdOTHc?oc=5,"Tue, 29 Jul 2025 22:53:08 GMT",
2025-07-30T03:26:37,Google News Reuters,"South Korea Foreign Minister Cho visiting Japan, US for first meetings with partners - Reuters",https://news.google.com/rss/articles/CBMizwFBVV95cUxNQlhTalh2NmZfZ2x0V2ZvQVExTC13YVJ6bzl5M3BnaU8zYTBYYlFzZDNZaUF0UjRRZXRhaGFMRVBoLXItMDlkVkNiZDZJR0NXZXJ2OGRQQWxJMFlzMEJVdFlfVVNYSHo5TURvYUV3aDlwU2ptN0tBMGI5U0pPb1lfbU5ST0hvU2RQMlo5d0c2NGlJQ0hSZlRmOGRra3JWOUUxZTJDVThQT3Q4LVBTalRXVW1NYWxEVWh1LXNfNW9SU1VNT0tEOW0zWFJKQm9DTVE?oc=5,"Tue, 29 Jul 2025 14:09:59 GMT",
2025-07-30T03:26:37,Google News Reuters,UN holds emergency talks over sky-high costs for COP30 climate summit - Reuters,https://news.google.com/rss/articles/CBMivAFBVV95cUxPUWE5UTJ5SlFwY3lqQzMwbE5zSjVacTRhTHJzUnVsaFRaS09UdXNUeUx0X2tFMEtPSTd3LXZwd0JUSUFmbTM1MEFrZDItanpyeU9tMWVkOTctcWxXajFTSHlsUGhwQTE5Nk5uMS1fbHpKZlpOS3RMZDFQN2Jnckt2cU9UbGRhQzJNMzNDUHBzYzJTZEpxQ29mUkdlWFdRM2xoNkRURHVkMWZKUm5Qa3FxYXZldjh0anQ3MzJMZA?oc=5,"Tue, 29 Jul 2025 21:04:57 GMT",
2025-07-30T04:28:26,MarketWatch Top,Here’s how much today’s 65-year-olds will spend on healthcare in retirement,https://www.marketwatch.com/story/heres-how-much-todays-65-year-olds-will-spend-on-healthcare-in-retirement-21dd0e0a?mod=mw_rss_topstories,"Wed, 30 Jul 2025 04:01:00 GMT",
2025-07-30T04:28:26,CNBC Top News,"HSBC announces $3 billion share buyback after second-quarter profit plunges 29%, missing expectations",https://www.cnbc.com/2025/07/30/hsbc-second-quarter-earnings.html,"Wed, 30 Jul 2025 04:25:56 GMT",
2025-07-30T04:28:26,Investing.com All News,"Allied Blenders Q1FY26 presentation: Revenue up 22.5%, premiumization strategy accelerates",https://uk.investing.com/news/company-news/allied-blenders-q1fy26-presentation-revenue-up-225-premiumization-strategy-accelerates-93CH-4190393,2025-07-30 04:10:07,
2025-07-30T04:28:26,Investing.com All News,Fed governors may dissent against Powell amid Trump pressure - WSJ's Timiraos,https://uk.investing.com/news/economy-news/fed-governors-may-dissent-against-powell-amid-trump-pressure--wsjstimiraos-4190390,2025-07-30 04:00:06,
2025-07-30T04:28:26,Investing.com All News,Larimar Therapeutics prices public offering at $3.20 per share,https://uk.investing.com/news/company-news/larimar-therapeutics-prices-public-offering-at-320-per-share-93CH-4190389,2025-07-30 03:58:07,
2025-07-30T04:28:26,Investing.com All News,SoFi prices $1.5 billion public offering of common stock,https://uk.investing.com/news/company-news/sofi-prices-15-billion-public-offering-of-common-stock-93CH-4190386,2025-07-30 03:30:07,
2025-07-30T04:28:27,Google News Reuters,Asian stocks steady as investors brace for tariff deadline and Fed - Reuters,https://news.google.com/rss/articles/CBMie0FVX3lxTE1tYVRTX1NLaGhYMU04TkVBQUpUTVhROG9MdElveDN3RVVBWXJNMUFQenVFVUdhbGVmaDNoMWI4UzRPSVhDY1dCSVRZLWpzSF9YcXFZRjZMRFdOTnlWUU1yNnhhM2ZlbThlbERleGdWTFZJT1BiSkl1MjlTSQ?oc=5,"Wed, 30 Jul 2025 02:39:00 GMT",
2025-07-30T04:28:27,Google News Reuters,LG Energy Solution signs $4.3 billion battery supply contract - Reuters,https://news.google.com/rss/articles/CBMisAFBVV95cUxQLXhubDZUNGJWRVNKWGxxMEFCYWZvamJyMzhoalVHX0tUTWp1TEYxSHZDazBZZ2E2Z081VVZZQXM4Nk8yem5fdUtaVWpBdjlrSnhSYnZBMjViQUhiOW0wbEpXSmVzQl9kN1lXOEVOZHVZXzI1LXFOQ2VZUTZVbEFJWlFRTlhsdWt3b1NkVnpoLUgtYlVVMmxFUFJlekZxU2E4eXhwbUc3eUwzRVhWSjVLTQ?oc=5,"Wed, 30 Jul 2025 01:00:00 GMT",
2025-07-30T04:28:27,Google News Reuters,"US allowed Nvidia chip shipments to China to go forward, Hassett says - Reuters",https://news.google.com/rss/articles/CBMirwFBVV95cUxPLUJHS09Fc25USVdEWHNsQ3E0eUg4bnNsUVI4eDFLdjB5OHBtNV9JOEVRUFItcTB2QkU3WWxmVnB6QXNNdThVdDlxTkliSW1RZFduOTNEVGNIUUtkWDdTYVRsOU1oX2dIbm4wLVhPbFlCNnR1ZmREWGdKcHZQWWUwcThDWGNLb1ZCQWZvQ1FGbVZiaGRRZnl3aDV3WmhtWDhNSmZscVFKX25ORGRpNG5B?oc=5,"Tue, 29 Jul 2025 21:17:59 GMT",
2025-07-30T04:28:27,Google News Reuters,"Exclusive: Shell-led LNG Canada faces problems as it ramps up production, sources say - Reuters",https://news.google.com/rss/articles/CBMivwFBVV95cUxNZTJsTlNDMS1BaEFyWE8zOGpTSTBCOVVwYkktaTFXc1QxQWNvSnFuOFlHU1dZOWY2U01DTzZfY2x6TEtvT0RPS0JwWWlyUlhzZW1VTGNmWGNFdGtwU3dhWU9hbE9fOUt4TnBYQk93V0RLZy11djJ2cUY3aWh1S0FIVXZRWXVadU9lSWprMVNMQ3d5el9JLXUwQ0tWc2lXb0EwYUd0T1hjSHZwbDN3Ql9CR0hHYlNCMTRzdFluQ2FzQQ?oc=5,"Tue, 29 Jul 2025 23:59:47 GMT",
2025-07-30T04:28:27,Google News Reuters,Women-only US dating advice app Tea suspends messaging following breaches - Reuters,https://news.google.com/rss/articles/CBMi4wFBVV95cUxNRW1Ra0VWSFhpdHdEX3FQQm1yUzduZFVfT1R5T3BnSWNJWVhDR0pPcXRCakJ4VkRzWlcxRFRlNTJUZExyM2RMQ1BuenB6UHlUTFZLTllFMlJ4TmRNcmJwTWgyWEo2Mi1ISC1YRVZQWGtOTUVjUE5IWU9ZVFNBMEdaSm5UUm91cHpONUtJNEIxX1lyMjNLSlJLdnRScEZmbWZuZEpXLVlvcGFvREFFT3BqdG16VVBkZGNOS0lRc3dxMXNmSGhwUW1uU3Bnc2JqaWF5NkNkSEpyemxPRVpCUl9JTTBrOA?oc=5,"Tue, 29 Jul 2025 22:17:37 GMT",
2025-07-30T04:28:27,Google News Reuters,US FDA's chief medical and science officer Prasad departs agency - Reuters,https://news.google.com/rss/articles/CBMiywFBVV95cUxPck9wU3BOTDFyQjVnd2xpNjhycmc0cHhjMjlDZ0tIS3RBZUozYUV1S2tvQ0RfNlFERnlhR1Q1N3plZ1JWOE51T3F3T2VpcVh2WXV2VjFHWmNpTE0zWXMzQ2V5TzJudzBSb0lsNW9KaTE2Q3FDMlR0YVB1MXZJM0toWVlPUl9YQml5b0FvdmFwN0VVeWZON0V4TUgxNy0taFNidV96cHMwTG5qYmE0WVgyRXZIeEQyNldCYkYxa0pMSE83U1ZneXlfV3hRRQ?oc=5,"Wed, 30 Jul 2025 02:45:00 GMT",
2025-07-30T04:28:27,Google News Reuters,"Well-known Palestinian activist was shot dead by settler in West Bank, witnesses say - Reuters",https://news.google.com/rss/articles/CBMizwFBVV95cUxNYi1RUlZDWUtpT25sb1Z6bmlMRzJRSVVUdkVqSVB5aFIyRmllTC01UW5ZZ0FYaUQ1SDdYVmJkQUtKWVhsQ3puVExkZ21TVDBHQ1Vvb1drRHRjS2VuY1B5ajk4c1hESGRuSWtYVlRkS3VkRG00Zk12dVRHUnAycDBmZGtQZ2dZRmcwR3hBLWIwaWwwdS1SWWNvbkpJcHZ5RktUX1FUM2FtRS1aanFZRm1xUmVteDAyN0NEWDlUSHBwUWQ5VU0xdzZ4VENodVoyd0U?oc=5,"Tue, 29 Jul 2025 20:13:28 GMT",
2025-07-30T05:03:15,CNBC Top News,UBS posts better-than-expected quarterly profit,https://www.cnbc.com/2025/07/30/ubs-q2-earnings-2025.html,"Wed, 30 Jul 2025 04:56:41 GMT",
2025-07-30T05:03:15,CNBC Top News,CNBC's The China Connection newsletter: Chinese AI companies are already making money,https://www.cnbc.com/2025/07/30/cnbcs-the-china-connection-newsletter-chinese-ai-companies-make-money.html,"Wed, 30 Jul 2025 04:55:59 GMT",
2025-07-30T05:03:15,Investing.com All News,HSBC first-half profit falls 27% due to one-offs; announces $3 bln buyback,https://uk.investing.com/news/stock-market-news/hsbc-firsthalf-profit-falls-27-due-to-oneoffs-announces-3-bln-buyback-4190397,2025-07-30 04:36:06,
2025-07-30T05:03:15,Investing.com All News,Evercore to buy UK advisory Robey Warshaw for $196 mln,https://uk.investing.com/news/stock-market-news/evercore-to-buy-uk-advisory-robey-warshaw-for-196-mln-4190396,2025-07-30 04:32:06,
2025-07-30T05:03:15,Investing.com All News,Evercore to acquire UK advisory firm Robey Warshaw for $196 million,https://uk.investing.com/news/company-news/evercore-to-acquire-uk-advisory-firm-robey-warshaw-for-196-million-93CH-4190395,2025-07-30 04:22:06,
2025-07-30T05:03:15,Google News Reuters,"Trump says he may skip G20 summit in South Africa, cites policy disapproval - Reuters",https://news.google.com/rss/articles/CBMivAFBVV95cUxQYk5SQkttYk8xNUROTUlTYl9LNF8ydzhzYjEzMGJOMWljOFRXLUYwMjN1RFFOVDRhS0RyRmdYaUFpUXp1ZkxyOG9EUnpoUnFXd01VN3RNcTh1WXBZMnRxeXF2TlJUS0p1OWpYM2FpUjVjTWEzTWJpTUVfZnlJajN5WVFFc2lqX2VSTlZxZWRUR1JLLXE2S1ZEUDFsNmMxU0Y3R3p6QmtYNng0WjRkWkdSM0JzNHRGQy1DSWxEYQ?oc=5,"Wed, 30 Jul 2025 03:07:44 GMT",
2025-07-30T05:03:15,Google News Reuters,Spain's new parental leave gives fathers one of Europe's most generous allowances - Reuters,https://news.google.com/rss/articles/CBMiugFBVV95cUxQcE93ajM1X0NnVGZMTi1oODFISFFPSUpaLVByUHBCcEhfYnY2UENXTGREZEZCV1BzZ3dCbmRSQjcxa3d3V2NvV19TRHJmcGpmU3J5eVkxd05pUkt5UXR4djZfSnVMNjAtdWxITnU5eGlFcUsyTXBnY1dfM2l6UlBxcHN6MktHNWN1d0xvSG5fWTkzTzZlaDhTSDFqVjZ2MHNBN3FoemZSMUFORkJfU3Q3ZkhBbE5Xa19QMXc?oc=5,"Tue, 29 Jul 2025 13:10:22 GMT",
2025-07-30T05:03:15,Google News Reuters,Minnesota calls in National Guard after St. Paul slammed by 'digital attack' - Reuters,https://news.google.com/rss/articles/CBMitgFBVV95cUxQTjM1aEJKSjZRRzlHd2NXcVl4NkU1aUx0Z2dsc3dWbU5QREdNWUExRVVFSVZxNnJiU01hSm9fcDhJdExBeVR6TkdsUUkzSXZtbmtmQnlZNVhyc0NlellIZnc4OE5CaEZGd0p0S2NYeDBYMi1sQ01EclhWX2JfamtzaTVGUjdSczhuLXZVRnhUdDVLQUdONG9HZEZCVkduNDlYTFdROEw2cDRwc3lvMTc5cVV3Ym1jUQ?oc=5,"Wed, 30 Jul 2025 00:52:54 GMT",
2025-07-30T05:03:15,Google News Reuters,European stocks close up; Novo Nordisk logs its biggest daily drop on record - Reuters,https://news.google.com/rss/articles/CBMiwAFBVV95cUxPMjdXQllNbWxNYktsdy02eHdycFlHLWJ1Yk1FUHprM2YzWFhhT1NKMVJDM2dzTkN6RE9rSnJvNVRSYk1Ma09wcFFrU2htZDlyMElqWDBiZ0dWbkVGVjVWb0Y3ZXc0X19KcUdXYlNLdUhFY28xckVqQ3A3UFB6Z096TFlGdmpJTldWVXRPOXhXeDhpLVRWU3VndF9qQWZwZm0xMEdzeXhEZkNlRWpBdmxEcmRCRTlmYTlsVVpIclNzNTk?oc=5,"Tue, 29 Jul 2025 16:56:39 GMT",
